origem,destino,nos_expandidos_dijkstra,nos_expandidos_a_star
las-toninas,punta-del-este,2,2
las-toninas,praia-grande,3,3
las-toninas,fortaleza,4,4
las-toninas,myrtle-beach,5,4
las-toninas,virginia-beach,7,6
las-toninas,bellport,33,11
las-toninas,bilbao,16,8
las-toninas,bude,22,12
las-toninas,sines,6,5
las-toninas,carcavelos,19,10
las-toninas,marseille,21,14
las-toninas,accra,10,7
las-toninas,lagos,9,6
las-toninas,yzerfontein,20,7
las-toninas,maputo,28,15
las-toninas,mombasa,35,17
las-toninas,djibouti,42,23
las-toninas,jeddah,36,21
las-toninas,mumbai,47,19
las-toninas,singapore,58,28
las-toninas,perth,75,47
las-toninas,sydney,81,52
las-toninas,auckland,84,54
las-toninas,los-angeles,99,67
las-toninas,chiba,77,52
las-toninas,dakar,15,10
las-toninas,gran-canaria,17,11
las-toninas,abidjan,11,7
las-toninas,lome,8,6
las-toninas,libreville,14,10
las-toninas,pointe-noire,12,7
las-toninas,luanda,13,7
las-toninas,swakopmund,18,7
las-toninas,gqeberha,23,13
las-toninas,amanzimtoti,26,15
las-toninas,dar-es-salaam,34,16
las-toninas,moroni,32,16
las-toninas,mahajanga,41,22
las-toninas,nacala,38,21
las-toninas,carana,40,17
las-toninas,mogadishu,39,21
las-toninas,berbera,44,25
las-toninas,port-sudan,37,27
las-toninas,suez,31,21
las-toninas,port-said,30,23
las-toninas,tympaki,29,21
las-toninas,barcelona,25,16
las-toninas,genoa,24,15
las-toninas,salalah,46,33
las-toninas,barka,48,35
las-toninas,abu-dhabi,49,44
las-toninas,doha,50,45
las-toninas,manama,51,46
las-toninas,al-faw,53,43
las-toninas,karachi,45,25
las-toninas,catania,27,15
las-toninas,matara,54,39
las-toninas,kuakata,59,47
las-toninas,ngwe-saung,66,50
las-toninas,melaka,60,39
las-toninas,medan,57,32
las-toninas,fujairah,43,22
las-toninas,hong-kong,72,49
las-toninas,shantou,74,50
las-toninas,batangas,73,49
las-toninas,sriracha,69,51
las-toninas,quy-nhon,70,45
las-toninas,vung-tau,67,43
las-toninas,brunei,68,38
las-toninas,davao,80,66
las-toninas,guam,76,41
las-toninas,yap,78,60
las-toninas,palau,79,64
las-toninas,makaha,91,58
las-toninas,kauditan,82,69
las-toninas,port-moresby,85,72
las-toninas,honiara,86,70
las-toninas,auki,87,72
las-toninas,noro,88,72
las-toninas,taro,90,73
las-toninas,nukunonu,94,68
las-toninas,mangawhai,83,54
las-toninas,pago-pago,93,61
las-toninas,neiafu,95,72
las-toninas,suva,89,59
las-toninas,apia,92,63
las-toninas,rarotonga,96,67
las-toninas,aitutaki,97,77
las-toninas,alofi,100,90
las-toninas,tahiti,98,78
las-toninas,ireland-west,52,29
las-toninas,iceland,55,30
las-toninas,nuuk,61,31
las-toninas,qaqortoq,64,32
las-toninas,milton-nl,71,32
las-toninas,maniitsoq,62,32
las-toninas,sisimiut,63,33
las-toninas,aasiaat,65,34
las-toninas,faroe-islands,56,33
punta-del-este,las-toninas,2,2
punta-del-este,praia-grande,3,2
punta-del-este,fortaleza,4,3
punta-del-este,myrtle-beach,5,4
punta-del-este,virginia-beach,7,6
punta-del-este,bellport,33,11
punta-del-este,bilbao,16,8
punta-del-este,bude,22,12
punta-del-este,sines,6,4
punta-del-este,carcavelos,19,10
punta-del-este,marseille,21,14
punta-del-este,accra,10,7
punta-del-este,lagos,9,6
punta-del-este,yzerfontein,20,7
punta-del-este,maputo,28,15
punta-del-este,mombasa,35,17
punta-del-este,djibouti,42,23
punta-del-este,jeddah,36,21
punta-del-este,mumbai,47,19
punta-del-este,singapore,58,28
punta-del-este,perth,75,47
punta-del-este,sydney,81,52
punta-del-este,auckland,84,54
punta-del-este,los-angeles,99,67
punta-del-este,chiba,77,52
punta-del-este,dakar,15,10
punta-del-este,gran-canaria,17,11
punta-del-este,abidjan,11,7
punta-del-este,lome,8,6
punta-del-este,libreville,14,10
punta-del-este,pointe-noire,12,7
punta-del-este,luanda,13,7
punta-del-este,swakopmund,18,7
punta-del-este,gqeberha,23,13
punta-del-este,amanzimtoti,26,15
punta-del-este,dar-es-salaam,34,16
punta-del-este,moroni,32,16
punta-del-este,mahajanga,41,22
punta-del-este,nacala,38,21
punta-del-este,carana,40,17
punta-del-este,mogadishu,39,21
punta-del-este,berbera,44,25
punta-del-este,port-sudan,37,27
punta-del-este,suez,31,21
punta-del-este,port-said,30,23
punta-del-este,tympaki,29,21
punta-del-este,barcelona,25,16
punta-del-este,genoa,24,15
punta-del-este,salalah,46,33
punta-del-este,barka,48,35
punta-del-este,abu-dhabi,49,44
punta-del-este,doha,50,45
punta-del-este,manama,51,46
punta-del-este,al-faw,53,43
punta-del-este,karachi,45,25
punta-del-este,catania,27,15
punta-del-este,matara,54,39
punta-del-este,kuakata,59,47
punta-del-este,ngwe-saung,66,50
punta-del-este,melaka,60,39
punta-del-este,medan,57,32
punta-del-este,fujairah,43,22
punta-del-este,hong-kong,72,49
punta-del-este,shantou,74,50
punta-del-este,batangas,73,49
punta-del-este,sriracha,69,51
punta-del-este,quy-nhon,70,45
punta-del-este,vung-tau,67,43
punta-del-este,brunei,68,38
punta-del-este,davao,80,66
punta-del-este,guam,76,41
punta-del-este,yap,78,60
punta-del-este,palau,79,64
punta-del-este,makaha,91,58
punta-del-este,kauditan,82,69
punta-del-este,port-moresby,85,72
punta-del-este,honiara,86,70
punta-del-este,auki,87,72
punta-del-este,noro,88,72
punta-del-este,taro,90,73
punta-del-este,nukunonu,94,68
punta-del-este,mangawhai,83,54
punta-del-este,pago-pago,93,61
punta-del-este,neiafu,95,72
punta-del-este,suva,89,59
punta-del-este,apia,92,63
punta-del-este,rarotonga,96,67
punta-del-este,aitutaki,97,77
punta-del-este,alofi,100,90
punta-del-este,tahiti,98,78
punta-del-este,ireland-west,52,29
punta-del-este,iceland,55,30
punta-del-este,nuuk,61,31
punta-del-este,qaqortoq,64,32
punta-del-este,milton-nl,71,32
punta-del-este,maniitsoq,62,32
punta-del-este,sisimiut,63,33
punta-del-este,aasiaat,65,34
punta-del-este,faroe-islands,56,33
praia-grande,las-toninas,3,3
praia-grande,punta-del-este,2,2
praia-grande,fortaleza,4,2
praia-grande,myrtle-beach,5,2
praia-grande,virginia-beach,7,4
praia-grande,bellport,33,11
praia-grande,bilbao,16,8
praia-grande,bude,22,12
praia-grande,sines,6,3
praia-grande,carcavelos,19,10
praia-grande,marseille,21,14
praia-grande,accra,10,7
praia-grande,lagos,9,6
praia-grande,yzerfontein,20,7
praia-grande,maputo,28,15
praia-grande,mombasa,35,17
praia-grande,djibouti,42,23
praia-grande,jeddah,36,21
praia-grande,mumbai,47,19
praia-grande,singapore,58,28
praia-grande,perth,75,47
praia-grande,sydney,81,52
praia-grande,auckland,84,54
praia-grande,los-angeles,99,67
praia-grande,chiba,77,52
praia-grande,dakar,15,10
praia-grande,gran-canaria,17,11
praia-grande,abidjan,11,7
praia-grande,lome,8,6
praia-grande,libreville,14,10
praia-grande,pointe-noire,12,7
praia-grande,luanda,13,7
praia-grande,swakopmund,18,7
praia-grande,gqeberha,23,13
praia-grande,amanzimtoti,26,15
praia-grande,dar-es-salaam,34,16
praia-grande,moroni,32,16
praia-grande,mahajanga,41,22
praia-grande,nacala,38,21
praia-grande,carana,40,17
praia-grande,mogadishu,39,21
praia-grande,berbera,44,25
praia-grande,port-sudan,37,27
praia-grande,suez,31,21
praia-grande,port-said,30,23
praia-grande,tympaki,29,21
praia-grande,barcelona,25,16
praia-grande,genoa,24,15
praia-grande,salalah,46,33
praia-grande,barka,48,35
praia-grande,abu-dhabi,49,44
praia-grande,doha,50,45
praia-grande,manama,51,46
praia-grande,al-faw,53,43
praia-grande,karachi,45,25
praia-grande,catania,27,15
praia-grande,matara,54,39
praia-grande,kuakata,59,47
praia-grande,ngwe-saung,66,50
praia-grande,melaka,60,39
praia-grande,medan,57,32
praia-grande,fujairah,43,22
praia-grande,hong-kong,72,49
praia-grande,shantou,74,50
praia-grande,batangas,73,49
praia-grande,sriracha,69,51
praia-grande,quy-nhon,70,45
praia-grande,vung-tau,67,43
praia-grande,brunei,68,38
praia-grande,davao,80,66
praia-grande,guam,76,41
praia-grande,yap,78,60
praia-grande,palau,79,64
praia-grande,makaha,91,58
praia-grande,kauditan,82,69
praia-grande,port-moresby,85,72
praia-grande,honiara,86,70
praia-grande,auki,87,72
praia-grande,noro,88,72
praia-grande,taro,90,73
praia-grande,nukunonu,94,68
praia-grande,mangawhai,83,54
praia-grande,pago-pago,93,61
praia-grande,neiafu,95,72
praia-grande,suva,89,59
praia-grande,apia,92,63
praia-grande,rarotonga,96,67
praia-grande,aitutaki,97,77
praia-grande,alofi,100,90
praia-grande,tahiti,98,78
praia-grande,ireland-west,52,29
praia-grande,iceland,55,30
praia-grande,nuuk,61,31
praia-grande,qaqortoq,64,32
praia-grande,milton-nl,71,32
praia-grande,maniitsoq,62,32
praia-grande,sisimiut,63,33
praia-grande,aasiaat,65,34
praia-grande,faroe-islands,56,33
fortaleza,las-toninas,4,4
fortaleza,punta-del-este,3,3
fortaleza,praia-grande,2,2
fortaleza,myrtle-beach,10,4
fortaleza,virginia-beach,6,2
fortaleza,bellport,33,11
fortaleza,bilbao,16,5
fortaleza,bude,22,9
fortaleza,sines,5,2
fortaleza,carcavelos,19,7
fortaleza,marseille,21,11
fortaleza,accra,9,5
fortaleza,lagos,8,4
fortaleza,yzerfontein,20,7
fortaleza,maputo,28,15
fortaleza,mombasa,35,16
fortaleza,djibouti,42,22
fortaleza,jeddah,36,20
fortaleza,mumbai,47,18
fortaleza,singapore,58,27
fortaleza,perth,75,47
fortaleza,sydney,81,52
fortaleza,auckland,84,54
fortaleza,los-angeles,99,67
fortaleza,chiba,77,52
fortaleza,dakar,15,9
fortaleza,gran-canaria,17,9
fortaleza,abidjan,11,5
fortaleza,lome,7,4
fortaleza,libreville,14,8
fortaleza,pointe-noire,12,5
fortaleza,luanda,13,5
fortaleza,swakopmund,18,7
fortaleza,gqeberha,23,13
fortaleza,amanzimtoti,26,15
fortaleza,dar-es-salaam,34,16
fortaleza,moroni,32,16
fortaleza,mahajanga,41,21
fortaleza,nacala,38,20
fortaleza,carana,40,17
fortaleza,mogadishu,39,20
fortaleza,berbera,44,24
fortaleza,port-sudan,37,26
fortaleza,suez,31,20
fortaleza,port-said,30,22
fortaleza,tympaki,29,20
fortaleza,barcelona,25,15
fortaleza,genoa,24,12
fortaleza,salalah,46,32
fortaleza,barka,48,34
fortaleza,abu-dhabi,49,44
fortaleza,doha,50,45
fortaleza,manama,51,46
fortaleza,al-faw,53,43
fortaleza,karachi,45,24
fortaleza,catania,27,14
fortaleza,matara,54,38
fortaleza,kuakata,59,47
fortaleza,ngwe-saung,66,50
fortaleza,melaka,60,38
fortaleza,medan,57,31
fortaleza,fujairah,43,21
fortaleza,hong-kong,72,49
fortaleza,shantou,74,50
fortaleza,batangas,73,49
fortaleza,sriracha,69,51
fortaleza,quy-nhon,70,45
fortaleza,vung-tau,67,43
fortaleza,brunei,68,38
fortaleza,davao,80,66
fortaleza,guam,76,41
fortaleza,yap,78,60
fortaleza,palau,79,64
fortaleza,makaha,91,58
fortaleza,kauditan,82,69
fortaleza,port-moresby,85,72
fortaleza,honiara,86,70
fortaleza,auki,87,72
fortaleza,noro,88,72
fortaleza,taro,90,73
fortaleza,nukunonu,94,68
fortaleza,mangawhai,83,54
fortaleza,pago-pago,93,61
fortaleza,neiafu,95,72
fortaleza,suva,89,59
fortaleza,apia,92,63
fortaleza,rarotonga,96,67
fortaleza,aitutaki,97,77
fortaleza,alofi,100,90
fortaleza,tahiti,98,78
fortaleza,ireland-west,52,29
fortaleza,iceland,55,30
fortaleza,nuuk,61,31
fortaleza,qaqortoq,64,32
fortaleza,milton-nl,71,32
fortaleza,maniitsoq,62,32
fortaleza,sisimiut,63,33
fortaleza,aasiaat,65,34
fortaleza,faroe-islands,56,33
myrtle-beach,las-toninas,4,4
myrtle-beach,punta-del-este,3,3
myrtle-beach,praia-grande,2,2
myrtle-beach,fortaleza,5,3
myrtle-beach,virginia-beach,7,4
myrtle-beach,bellport,33,11
myrtle-beach,bilbao,16,8
myrtle-beach,bude,22,12
myrtle-beach,sines,6,4
myrtle-beach,carcavelos,19,10
myrtle-beach,marseille,21,14
myrtle-beach,accra,10,8
myrtle-beach,lagos,9,7
myrtle-beach,yzerfontein,20,8
myrtle-beach,maputo,28,16
myrtle-beach,mombasa,35,17
myrtle-beach,djibouti,42,23
myrtle-beach,jeddah,36,21
myrtle-beach,mumbai,47,19
myrtle-beach,singapore,58,28
myrtle-beach,perth,75,47
myrtle-beach,sydney,81,52
myrtle-beach,auckland,84,54
myrtle-beach,los-angeles,99,67
myrtle-beach,chiba,77,52
myrtle-beach,dakar,15,10
myrtle-beach,gran-canaria,17,11
myrtle-beach,abidjan,11,8
myrtle-beach,lome,8,7
myrtle-beach,libreville,14,11
myrtle-beach,pointe-noire,12,8
myrtle-beach,luanda,13,8
myrtle-beach,swakopmund,18,8
myrtle-beach,gqeberha,23,14
myrtle-beach,amanzimtoti,26,16
myrtle-beach,dar-es-salaam,34,17
myrtle-beach,moroni,32,17
myrtle-beach,mahajanga,41,22
myrtle-beach,nacala,38,21
myrtle-beach,carana,40,18
myrtle-beach,mogadishu,39,21
myrtle-beach,berbera,44,25
myrtle-beach,port-sudan,37,27
myrtle-beach,suez,31,21
myrtle-beach,port-said,30,23
myrtle-beach,tympaki,29,21
myrtle-beach,barcelona,25,16
myrtle-beach,genoa,24,15
myrtle-beach,salalah,46,33
myrtle-beach,barka,48,35
myrtle-beach,abu-dhabi,49,44
myrtle-beach,doha,50,45
myrtle-beach,manama,51,46
myrtle-beach,al-faw,53,43
myrtle-beach,karachi,45,25
myrtle-beach,catania,27,15
myrtle-beach,matara,54,39
myrtle-beach,kuakata,59,47
myrtle-beach,ngwe-saung,66,50
myrtle-beach,melaka,60,39
myrtle-beach,medan,57,32
myrtle-beach,fujairah,43,22
myrtle-beach,hong-kong,72,49
myrtle-beach,shantou,74,50
myrtle-beach,batangas,73,49
myrtle-beach,sriracha,69,51
myrtle-beach,quy-nhon,70,45
myrtle-beach,vung-tau,67,43
myrtle-beach,brunei,68,38
myrtle-beach,davao,80,66
myrtle-beach,guam,76,41
myrtle-beach,yap,78,60
myrtle-beach,palau,79,64
myrtle-beach,makaha,91,58
myrtle-beach,kauditan,82,69
myrtle-beach,port-moresby,85,72
myrtle-beach,honiara,86,70
myrtle-beach,auki,87,72
myrtle-beach,noro,88,72
myrtle-beach,taro,90,73
myrtle-beach,nukunonu,94,68
myrtle-beach,mangawhai,83,54
myrtle-beach,pago-pago,93,61
myrtle-beach,neiafu,95,72
myrtle-beach,suva,89,59
myrtle-beach,apia,92,63
myrtle-beach,rarotonga,96,67
myrtle-beach,aitutaki,97,77
myrtle-beach,alofi,100,90
myrtle-beach,tahiti,98,78
myrtle-beach,ireland-west,52,29
myrtle-beach,iceland,55,30
myrtle-beach,nuuk,61,31
myrtle-beach,qaqortoq,64,32
myrtle-beach,milton-nl,71,32
myrtle-beach,maniitsoq,62,32
myrtle-beach,sisimiut,63,33
myrtle-beach,aasiaat,65,34
myrtle-beach,faroe-islands,56,33
virginia-beach,las-toninas,6,5
virginia-beach,punta-del-este,5,4
virginia-beach,praia-grande,4,3
virginia-beach,fortaleza,2,2
virginia-beach,myrtle-beach,12,6
virginia-beach,bellport,8,3
virginia-beach,bilbao,3,2
virginia-beach,bude,16,6
virginia-beach,sines,7,4
virginia-beach,carcavelos,22,9
virginia-beach,marseille,24,10
virginia-beach,accra,11,7
virginia-beach,lagos,10,6
virginia-beach,yzerfontein,34,9
virginia-beach,maputo,41,17
virginia-beach,mombasa,49,19
virginia-beach,djibouti,45,22
virginia-beach,jeddah,42,21
virginia-beach,mumbai,50,14
virginia-beach,singapore,63,19
virginia-beach,perth,75,28
virginia-beach,sydney,81,38
virginia-beach,auckland,84,49
virginia-beach,los-angeles,99,65
virginia-beach,chiba,77,48
virginia-beach,dakar,19,11
virginia-beach,gran-canaria,23,11
virginia-beach,abidjan,13,7
virginia-beach,lome,9,6
virginia-beach,libreville,18,10
virginia-beach,pointe-noire,15,7
virginia-beach,luanda,17,7
virginia-beach,swakopmund,26,9
virginia-beach,gqeberha,36,15
virginia-beach,amanzimtoti,39,17
virginia-beach,dar-es-salaam,47,18
virginia-beach,moroni,44,18
virginia-beach,mahajanga,56,23
virginia-beach,nacala,53,22
virginia-beach,carana,55,19
virginia-beach,mogadishu,51,26
virginia-beach,berbera,48,24
virginia-beach,port-sudan,43,26
virginia-beach,suez,40,17
virginia-beach,port-said,38,18
virginia-beach,tympaki,35,17
virginia-beach,barcelona,21,8
virginia-beach,genoa,27,11
virginia-beach,salalah,54,31
virginia-beach,barka,57,37
virginia-beach,abu-dhabi,58,39
virginia-beach,doha,59,40
virginia-beach,manama,60,41
virginia-beach,al-faw,61,38
virginia-beach,karachi,52,24
virginia-beach,catania,29,14
virginia-beach,matara,62,30
virginia-beach,kuakata,66,41
virginia-beach,ngwe-saung,71,49
virginia-beach,melaka,64,20
virginia-beach,medan,65,25
virginia-beach,fujairah,46,21
virginia-beach,hong-kong,72,42
virginia-beach,shantou,74,44
virginia-beach,batangas,73,43
virginia-beach,sriracha,69,36
virginia-beach,quy-nhon,70,34
virginia-beach,vung-tau,67,31
virginia-beach,brunei,68,24
virginia-beach,davao,80,76
virginia-beach,guam,76,39
virginia-beach,yap,78,57
virginia-beach,palau,79,66
virginia-beach,makaha,91,47
virginia-beach,kauditan,82,79
virginia-beach,port-moresby,85,81
virginia-beach,honiara,86,77
virginia-beach,auki,87,78
virginia-beach,noro,88,80
virginia-beach,taro,90,82
virginia-beach,nukunonu,94,69
virginia-beach,mangawhai,83,51
virginia-beach,pago-pago,93,64
virginia-beach,neiafu,95,78
virginia-beach,suva,89,63
virginia-beach,apia,92,65
virginia-beach,rarotonga,96,74
virginia-beach,aitutaki,97,78
virginia-beach,alofi,100,93
virginia-beach,tahiti,98,75
virginia-beach,ireland-west,14,6
virginia-beach,iceland,20,7
virginia-beach,nuuk,28,9
virginia-beach,qaqortoq,32,12
virginia-beach,milton-nl,37,13
virginia-beach,maniitsoq,30,10
virginia-beach,sisimiut,31,12
virginia-beach,aasiaat,33,13
virginia-beach,faroe-islands,25,9
bellport,las-toninas,75,35
bellport,punta-del-este,74,34
bellport,praia-grande,71,32
bellport,fortaleza,62,27
bellport,myrtle-beach,90,51
bellport,virginia-beach,29,11
bellport,bilbao,4,2
bellport,bude,3,2
bellport,sines,44,24
bellport,carcavelos,7,5
bellport,marseille,8,6
bellport,accra,24,7
bellport,lagos,25,7
bellport,yzerfontein,51,8
bellport,maputo,56,25
bellport,mombasa,40,16
bellport,djibouti,30,9
bellport,jeddah,26,8
bellport,mumbai,36,4
bellport,singapore,58,5
bellport,perth,72,7
bellport,sydney,80,15
bellport,auckland,83,23
bellport,los-angeles,99,55
bellport,chiba,76,32
bellport,dakar,20,6
bellport,gran-canaria,14,6
bellport,abidjan,27,9
bellport,lome,23,7
bellport,libreville,34,15
bellport,pointe-noire,32,8
bellport,luanda,35,8
bellport,swakopmund,41,8
bellport,gqeberha,54,16
bellport,amanzimtoti,57,23
bellport,dar-es-salaam,42,17
bellport,moroni,46,14
bellport,mahajanga,52,22
bellport,nacala,48,18
bellport,carana,55,26
bellport,mogadishu,37,11
bellport,berbera,33,10
bellport,port-sudan,28,13
bellport,suez,22,8
bellport,port-said,21,10
bellport,tympaki,18,9
bellport,barcelona,6,4
bellport,genoa,10,7
bellport,salalah,39,17
bellport,barka,43,21
bellport,abu-dhabi,45,23
bellport,doha,47,25
bellport,manama,49,26
bellport,al-faw,50,23
bellport,karachi,38,11
bellport,catania,12,7
bellport,matara,53,16
bellport,kuakata,61,25
bellport,ngwe-saung,67,27
bellport,melaka,59,7
bellport,medan,60,11
bellport,fujairah,31,9
bellport,hong-kong,68,26
bellport,shantou,70,27
bellport,batangas,69,28
bellport,sriracha,65,22
bellport,quy-nhon,66,20
bellport,vung-tau,63,18
bellport,brunei,64,11
bellport,davao,79,51
bellport,guam,73,25
bellport,yap,77,36
bellport,palau,78,43
bellport,makaha,91,37
bellport,kauditan,81,59
bellport,port-moresby,84,63
bellport,honiara,85,52
bellport,auki,86,53
bellport,noro,87,58
bellport,taro,89,61
bellport,nukunonu,94,48
bellport,mangawhai,82,25
bellport,pago-pago,93,43
bellport,neiafu,95,55
bellport,suva,88,41
bellport,apia,92,44
bellport,rarotonga,96,59
bellport,aitutaki,97,63
bellport,alofi,100,87
bellport,tahiti,98,64
bellport,ireland-west,2,2
bellport,iceland,5,3
bellport,nuuk,11,4
bellport,qaqortoq,16,6
bellport,milton-nl,19,5
bellport,maniitsoq,13,5
bellport,sisimiut,15,6
bellport,aasiaat,17,7
bellport,faroe-islands,9,5
bilbao,las-toninas,30,7
bilbao,punta-del-este,26,6
bilbao,praia-grande,21,5
bilbao,fortaleza,7,4
bilbao,myrtle-beach,60,23
bilbao,virginia-beach,3,2
bilbao,bellport,2,2
bilbao,bude,5,3
bilbao,sines,36,18
bilbao,carcavelos,9,6
bilbao,marseille,10,6
bilbao,accra,28,8
bilbao,lagos,29,8
bilbao,yzerfontein,55,11
bilbao,maputo,61,27
bilbao,mombasa,45,17
bilbao,djibouti,34,9
bilbao,jeddah,31,8
bilbao,mumbai,41,5
bilbao,singapore,63,7
bilbao,perth,75,8
bilbao,sydney,81,20
bilbao,auckland,84,27
bilbao,los-angeles,99,58
bilbao,chiba,77,33
bilbao,dakar,23,7
bilbao,gran-canaria,16,7
bilbao,abidjan,32,11
bilbao,lome,27,8
bilbao,libreville,39,17
bilbao,pointe-noire,37,10
bilbao,luanda,40,10
bilbao,swakopmund,46,10
bilbao,gqeberha,58,19
bilbao,amanzimtoti,62,26
bilbao,dar-es-salaam,47,18
bilbao,moroni,50,15
bilbao,mahajanga,56,23
bilbao,nacala,52,19
bilbao,carana,59,27
bilbao,mogadishu,42,11
bilbao,berbera,38,10
bilbao,port-sudan,33,13
bilbao,suez,25,8
bilbao,port-said,24,10
bilbao,tympaki,20,9
bilbao,barcelona,8,4
bilbao,genoa,12,7
bilbao,salalah,44,18
bilbao,barka,48,22
bilbao,abu-dhabi,49,24
bilbao,doha,51,26
bilbao,manama,53,27
bilbao,al-faw,54,24
bilbao,karachi,43,12
bilbao,catania,14,7
bilbao,matara,57,17
bilbao,kuakata,66,26
bilbao,ngwe-saung,71,28
bilbao,melaka,64,8
bilbao,medan,65,12
bilbao,fujairah,35,9
bilbao,hong-kong,72,27
bilbao,shantou,74,28
bilbao,batangas,73,29
bilbao,sriracha,69,23
bilbao,quy-nhon,70,21
bilbao,vung-tau,67,19
bilbao,brunei,68,12
bilbao,davao,80,52
bilbao,guam,76,26
bilbao,yap,78,37
bilbao,palau,79,44
bilbao,makaha,91,42
bilbao,kauditan,82,60
bilbao,port-moresby,85,67
bilbao,honiara,86,56
bilbao,auki,87,57
bilbao,noro,88,62
bilbao,taro,90,65
bilbao,nukunonu,94,54
bilbao,mangawhai,83,29
bilbao,pago-pago,93,48
bilbao,neiafu,95,60
bilbao,suva,89,45
bilbao,apia,92,49
bilbao,rarotonga,96,65
bilbao,aitutaki,97,69
bilbao,alofi,100,93
bilbao,tahiti,98,67
bilbao,ireland-west,4,3
bilbao,iceland,6,5
bilbao,nuuk,13,6
bilbao,qaqortoq,18,8
bilbao,milton-nl,22,7
bilbao,maniitsoq,15,7
bilbao,sisimiut,17,8
bilbao,aasiaat,19,9
bilbao,faroe-islands,11,7
bude,las-toninas,79,30
bude,punta-del-este,77,29
bude,praia-grande,73,26
bude,fortaleza,69,22
bude,myrtle-beach,95,55
bude,virginia-beach,74,29
bude,bellport,15,2
bude,bilbao,46,20
bude,sines,33,13
bude,carcavelos,3,2
bude,marseille,4,3
bude,accra,13,4
bude,lagos,14,4
bude,yzerfontein,40,5
bude,maputo,47,22
bude,mombasa,29,13
bude,djibouti,19,6
bude,jeddah,16,5
bude,mumbai,25,2
bude,singapore,49,3
bude,perth,70,4
bude,sydney,80,10
bude,auckland,83,12
bude,los-angeles,99,54
bude,chiba,72,22
bude,dakar,9,3
bude,gran-canaria,7,3
bude,abidjan,17,6
bude,lome,12,4
bude,libreville,23,12
bude,pointe-noire,21,5
bude,luanda,24,5
bude,swakopmund,30,5
bude,gqeberha,44,13
bude,amanzimtoti,48,20
bude,dar-es-salaam,31,14
bude,moroni,35,11
bude,mahajanga,42,19
bude,nacala,37,15
bude,carana,45,21
bude,mogadishu,26,8
bude,berbera,22,7
bude,port-sudan,18,10
bude,suez,11,5
bude,port-said,10,7
bude,tympaki,8,6
bude,barcelona,2,2
bude,genoa,5,4
bude,salalah,28,14
bude,barka,32,16
bude,abu-dhabi,34,18
bude,doha,36,20
bude,manama,38,21
bude,al-faw,39,18
bude,karachi,27,8
bude,catania,6,4
bude,matara,43,13
bude,kuakata,54,20
bude,ngwe-saung,60,21
bude,melaka,51,4
bude,medan,52,8
bude,fujairah,20,6
bude,hong-kong,65,16
bude,shantou,68,17
bude,batangas,67,19
bude,sriracha,57,17
bude,quy-nhon,58,15
bude,vung-tau,55,13
bude,brunei,56,7
bude,davao,78,40
bude,guam,71,15
bude,yap,75,26
bude,palau,76,33
bude,makaha,90,32
bude,kauditan,81,48
bude,port-moresby,84,52
bude,honiara,85,41
bude,auki,86,42
bude,noro,87,47
bude,taro,89,50
bude,nukunonu,93,37
bude,mangawhai,82,14
bude,pago-pago,92,32
bude,neiafu,94,44
bude,suva,88,30
bude,apia,91,33
bude,rarotonga,96,48
bude,aitutaki,97,52
bude,alofi,100,76
bude,tahiti,98,56
bude,ireland-west,41,13
bude,iceland,50,14
bude,nuuk,59,18
bude,qaqortoq,63,22
bude,milton-nl,66,21
bude,maniitsoq,61,20
bude,sisimiut,62,21
bude,aasiaat,64,23
bude,faroe-islands,53,22
sines,las-toninas,22,5
sines,punta-del-este,21,4
sines,praia-grande,14,3
sines,fortaleza,7,2
sines,myrtle-beach,44,14
sines,virginia-beach,27,3
sines,bellport,41,12
sines,bilbao,52,26
sines,bude,17,5
sines,carcavelos,13,3
sines,marseille,16,7
sines,accra,4,3
sines,lagos,3,2
sines,yzerfontein,15,3
sines,maputo,25,11
sines,mombasa,32,12
sines,djibouti,39,16
sines,jeddah,33,14
sines,mumbai,46,12
sines,singapore,56,21
sines,perth,75,44
sines,sydney,81,49
sines,auckland,84,53
sines,los-angeles,99,67
sines,chiba,77,46
sines,dakar,10,5
sines,gran-canaria,11,5
sines,abidjan,5,3
sines,lome,2,2
sines,libreville,9,6
sines,pointe-noire,6,3
sines,luanda,8,3
sines,swakopmund,12,3
sines,gqeberha,18,9
sines,amanzimtoti,23,11
sines,dar-es-salaam,31,12
sines,moroni,30,12
sines,mahajanga,38,17
sines,nacala,35,16
sines,carana,37,13
sines,mogadishu,36,14
sines,berbera,42,18
sines,port-sudan,34,20
sines,suez,29,14
sines,port-said,28,16
sines,tympaki,26,14
sines,barcelona,20,9
sines,genoa,19,8
sines,salalah,45,26
sines,barka,47,28
sines,abu-dhabi,48,38
sines,doha,49,39
sines,manama,50,40
sines,al-faw,51,37
sines,karachi,43,18
sines,catania,24,8
sines,matara,53,32
sines,kuakata,57,40
sines,ngwe-saung,60,44
sines,melaka,58,32
sines,medan,55,25
sines,fujairah,40,15
sines,hong-kong,68,43
sines,shantou,72,44
sines,batangas,70,42
sines,sriracha,63,44
sines,quy-nhon,64,38
sines,vung-tau,61,36
sines,brunei,62,31
sines,davao,80,63
sines,guam,76,34
sines,yap,78,54
sines,palau,79,58
sines,makaha,91,52
sines,kauditan,82,67
sines,port-moresby,85,70
sines,honiara,86,69
sines,auki,87,71
sines,noro,88,71
sines,taro,90,72
sines,nukunonu,94,67
sines,mangawhai,83,53
sines,pago-pago,93,60
sines,neiafu,95,71
sines,suva,89,58
sines,apia,92,62
sines,rarotonga,96,66
sines,aitutaki,97,71
sines,alofi,100,83
sines,tahiti,98,69
sines,ireland-west,54,29
sines,iceland,59,30
sines,nuuk,66,34
sines,qaqortoq,71,39
sines,milton-nl,74,37
sines,maniitsoq,67,35
sines,sisimiut,69,36
sines,aasiaat,73,39
sines,faroe-islands,65,38
carcavelos,las-toninas,74,27
carcavelos,punta-del-este,73,26
carcavelos,praia-grande,69,24
carcavelos,fortaleza,55,21
carcavelos,myrtle-beach,90,53
carcavelos,virginia-beach,78,33
carcavelos,bellport,23,3
carcavelos,bilbao,52,25
carcavelos,bude,4,2
carcavelos,sines,26,11
carcavelos,marseille,3,2
carcavelos,accra,11,2
carcavelos,lagos,12,2
carcavelos,yzerfontein,32,3
carcavelos,maputo,44,17
carcavelos,mombasa,31,15
carcavelos,djibouti,21,5
carcavelos,jeddah,16,4
carcavelos,mumbai,30,3
carcavelos,singapore,49,5
carcavelos,perth,71,19
carcavelos,sydney,80,24
carcavelos,auckland,83,37
carcavelos,los-angeles,99,59
carcavelos,chiba,75,26
carcavelos,dakar,8,2
carcavelos,gran-canaria,2,2
carcavelos,abidjan,15,4
carcavelos,lome,10,2
carcavelos,libreville,19,7
carcavelos,pointe-noire,17,3
carcavelos,luanda,20,3
carcavelos,swakopmund,25,3
carcavelos,gqeberha,37,9
carcavelos,amanzimtoti,42,12
carcavelos,dar-es-salaam,33,18
carcavelos,moroni,36,15
carcavelos,mahajanga,43,24
carcavelos,nacala,39,20
carcavelos,carana,46,26
carcavelos,mogadishu,27,7
carcavelos,berbera,24,6
carcavelos,port-sudan,18,9
carcavelos,suez,14,4
carcavelos,port-said,13,6
carcavelos,tympaki,9,5
carcavelos,barcelona,6,3
carcavelos,genoa,5,3
carcavelos,salalah,29,14
carcavelos,barka,34,17
carcavelos,abu-dhabi,35,19
carcavelos,doha,38,20
carcavelos,manama,40,22
carcavelos,al-faw,41,20
carcavelos,karachi,28,7
carcavelos,catania,7,3
carcavelos,matara,45,12
carcavelos,kuakata,50,21
carcavelos,ngwe-saung,54,22
carcavelos,melaka,51,13
carcavelos,medan,48,7
carcavelos,fujairah,22,5
carcavelos,hong-kong,63,23
carcavelos,shantou,67,24
carcavelos,batangas,65,23
carcavelos,sriracha,58,23
carcavelos,quy-nhon,59,18
carcavelos,vung-tau,56,16
carcavelos,brunei,57,14
carcavelos,davao,79,51
carcavelos,guam,72,17
carcavelos,yap,76,32
carcavelos,palau,77,37
carcavelos,makaha,91,32
carcavelos,kauditan,81,57
carcavelos,port-moresby,84,63
carcavelos,honiara,85,51
carcavelos,auki,86,54
carcavelos,noro,87,62
carcavelos,taro,89,63
carcavelos,nukunonu,94,51
carcavelos,mangawhai,82,37
carcavelos,pago-pago,93,44
carcavelos,neiafu,95,61
carcavelos,suva,88,38
carcavelos,apia,92,45
carcavelos,rarotonga,96,59
carcavelos,aitutaki,97,64
carcavelos,alofi,100,77
carcavelos,tahiti,98,63
carcavelos,ireland-west,47,20
carcavelos,iceland,53,21
carcavelos,nuuk,61,22
carcavelos,qaqortoq,66,26
carcavelos,milton-nl,70,25
carcavelos,maniitsoq,62,23
carcavelos,sisimiut,64,25
carcavelos,aasiaat,68,27
carcavelos,faroe-islands,60,26
marseille,las-toninas,81,38
marseille,punta-del-este,78,37
marseille,praia-grande,75,31
marseille,fortaleza,63,24
marseille,myrtle-beach,97,60
marseille,virginia-beach,80,35
marseille,bellport,25,5
marseille,bilbao,57,25
marseille,bude,6,3
marseille,sines,41,13
marseille,carcavelos,5,2
marseille,accra,15,6
marseille,lagos,16,6
marseille,yzerfontein,44,8
marseille,maputo,43,12
marseille,mombasa,27,11
marseille,djibouti,17,4
marseille,jeddah,11,3
marseille,mumbai,26,2
marseille,singapore,48,4
marseille,perth,66,18
marseille,sydney,77,22
marseille,auckland,83,24
marseille,los-angeles,99,56
marseille,chiba,72,25
marseille,dakar,12,4
marseille,gran-canaria,8,4
marseille,abidjan,20,8
marseille,lome,14,6
marseille,libreville,28,14
marseille,pointe-noire,24,8
marseille,luanda,29,8
marseille,swakopmund,38,8
marseille,gqeberha,47,18
marseille,amanzimtoti,45,13
marseille,dar-es-salaam,30,12
marseille,moroni,33,9
marseille,mahajanga,39,17
marseille,nacala,35,13
marseille,carana,42,18
marseille,mogadishu,21,6
marseille,berbera,19,5
marseille,port-sudan,13,8
marseille,suez,10,3
marseille,port-said,9,5
marseille,tympaki,7,4
marseille,barcelona,3,2
marseille,genoa,2,2
marseille,salalah,23,12
marseille,barka,31,14
marseille,abu-dhabi,32,18
marseille,doha,34,19
marseille,manama,36,20
marseille,al-faw,37,17
marseille,karachi,22,6
marseille,catania,4,2
marseille,matara,40,11
marseille,kuakata,49,20
marseille,ngwe-saung,51,21
marseille,melaka,50,12
marseille,medan,46,6
marseille,fujairah,18,4
marseille,hong-kong,59,22
marseille,shantou,61,23
marseille,batangas,60,21
marseille,sriracha,55,21
marseille,quy-nhon,56,17
marseille,vung-tau,53,14
marseille,brunei,54,12
marseille,davao,76,43
marseille,guam,70,16
marseille,yap,73,31
marseille,palau,74,36
marseille,makaha,90,28
marseille,kauditan,79,48
marseille,port-moresby,84,50
marseille,honiara,85,46
marseille,auki,86,48
marseille,noro,87,51
marseille,taro,89,52
marseille,nukunonu,93,42
marseille,mangawhai,82,24
marseille,pago-pago,92,35
marseille,neiafu,94,50
marseille,suva,88,32
marseille,apia,91,37
marseille,rarotonga,95,53
marseille,aitutaki,96,58
marseille,alofi,100,75
marseille,tahiti,98,60
marseille,ireland-west,52,21
marseille,iceland,58,23
marseille,nuuk,64,24
marseille,qaqortoq,68,26
marseille,milton-nl,71,27
marseille,maniitsoq,65,25
marseille,sisimiut,67,27
marseille,aasiaat,69,29
marseille,faroe-islands,62,28
accra,las-toninas,49,18
accra,punta-del-este,48,17
accra,praia-grande,41,15
accra,fortaleza,30,12
accra,myrtle-beach,73,27
accra,virginia-beach,52,20
accra,bellport,37,10
accra,bilbao,57,33
accra,bude,15,4
accra,sines,12,3
accra,carcavelos,11,2
accra,marseille,14,6
accra,lagos,3,2
accra,yzerfontein,13,4
accra,maputo,21,10
accra,mombasa,27,12
accra,djibouti,34,16
accra,jeddah,28,14
accra,mumbai,42,14
accra,singapore,54,22
accra,perth,75,40
accra,sydney,81,45
accra,auckland,84,51
accra,los-angeles,99,67
accra,chiba,77,44
accra,dakar,7,3
accra,gran-canaria,9,2
accra,abidjan,4,2
accra,lome,2,2
accra,libreville,6,5
accra,pointe-noire,5,4
accra,luanda,8,4
accra,swakopmund,10,3
accra,gqeberha,18,8
accra,amanzimtoti,20,11
accra,dar-es-salaam,26,11
accra,moroni,25,11
accra,mahajanga,35,17
accra,nacala,31,16
accra,carana,33,12
accra,mogadishu,32,13
accra,berbera,38,17
accra,port-sudan,29,20
accra,suez,24,14
accra,port-said,23,16
accra,tympaki,22,14
accra,barcelona,17,9
accra,genoa,16,7
accra,salalah,40,25
accra,barka,43,27
accra,abu-dhabi,44,36
accra,doha,45,38
accra,manama,46,39
accra,al-faw,47,36
accra,karachi,39,17
accra,catania,19,9
accra,matara,50,32
accra,kuakata,55,40
accra,ngwe-saung,59,42
accra,melaka,56,31
accra,medan,53,24
accra,fujairah,36,15
accra,hong-kong,67,42
accra,shantou,71,43
accra,batangas,69,42
accra,sriracha,62,44
accra,quy-nhon,63,38
accra,vung-tau,60,36
accra,brunei,61,31
accra,davao,80,59
accra,guam,76,33
accra,yap,78,53
accra,palau,79,57
accra,makaha,91,50
accra,kauditan,82,62
accra,port-moresby,85,65
accra,honiara,86,63
accra,auki,87,65
accra,noro,88,65
accra,taro,90,66
accra,nukunonu,94,66
accra,mangawhai,83,51
accra,pago-pago,93,59
accra,neiafu,95,70
accra,suva,89,56
accra,apia,92,61
accra,rarotonga,96,65
accra,aitutaki,97,70
accra,alofi,100,82
accra,tahiti,98,68
accra,ireland-west,51,25
accra,iceland,58,26
accra,nuuk,65,28
accra,qaqortoq,70,33
accra,milton-nl,74,32
accra,maniitsoq,66,29
accra,sisimiut,68,30
accra,aasiaat,72,32
accra,faroe-islands,64,33
lagos,las-toninas,49,17
lagos,punta-del-este,46,16
lagos,praia-grande,41,14
lagos,fortaleza,29,11
lagos,myrtle-beach,73,27
lagos,virginia-beach,51,20
lagos,bellport,37,10
lagos,bilbao,57,34
lagos,bude,15,4
lagos,sines,11,2
lagos,carcavelos,12,3
lagos,marseille,14,6
lagos,accra,2,2
lagos,yzerfontein,13,2
lagos,maputo,21,10
lagos,mombasa,27,11
lagos,djibouti,35,16
lagos,jeddah,28,15
lagos,mumbai,42,12
lagos,singapore,54,22
lagos,perth,75,40
lagos,sydney,81,45
lagos,auckland,84,51
lagos,los-angeles,99,67
lagos,chiba,77,44
lagos,dakar,8,2
lagos,gran-canaria,9,3
lagos,abidjan,4,2
lagos,lome,3,3
lagos,libreville,7,5
lagos,pointe-noire,5,2
lagos,luanda,6,2
lagos,swakopmund,10,2
lagos,gqeberha,16,6
lagos,amanzimtoti,19,9
lagos,dar-es-salaam,26,11
lagos,moroni,25,11
lagos,mahajanga,34,16
lagos,nacala,31,15
lagos,carana,33,12
lagos,mogadishu,32,13
lagos,berbera,38,18
lagos,port-sudan,30,20
lagos,suez,24,13
lagos,port-said,23,15
lagos,tympaki,22,13
lagos,barcelona,18,8
lagos,genoa,17,8
lagos,salalah,40,26
lagos,barka,43,28
lagos,abu-dhabi,44,37
lagos,doha,45,38
lagos,manama,47,39
lagos,al-faw,48,36
lagos,karachi,39,17
lagos,catania,20,8
lagos,matara,50,32
lagos,kuakata,55,40
lagos,ngwe-saung,59,43
lagos,melaka,56,32
lagos,medan,53,24
lagos,fujairah,36,14
lagos,hong-kong,67,42
lagos,shantou,71,43
lagos,batangas,69,42
lagos,sriracha,62,44
lagos,quy-nhon,63,38
lagos,vung-tau,60,36
lagos,brunei,61,32
lagos,davao,80,59
lagos,guam,76,34
lagos,yap,78,53
lagos,palau,79,57
lagos,makaha,91,50
lagos,kauditan,82,62
lagos,port-moresby,85,65
lagos,honiara,86,63
lagos,auki,87,65
lagos,noro,88,65
lagos,taro,90,66
lagos,nukunonu,94,66
lagos,mangawhai,83,51
lagos,pago-pago,93,59
lagos,neiafu,95,70
lagos,suva,89,56
lagos,apia,92,61
lagos,rarotonga,96,65
lagos,aitutaki,97,70
lagos,alofi,100,83
lagos,tahiti,98,68
lagos,ireland-west,52,25
lagos,iceland,58,26
lagos,nuuk,65,28
lagos,qaqortoq,70,34
lagos,milton-nl,74,33
lagos,maniitsoq,66,29
lagos,sisimiut,68,31
lagos,aasiaat,72,33
lagos,faroe-islands,64,35
yzerfontein,las-toninas,64,28
yzerfontein,punta-del-este,62,27
yzerfontein,praia-grande,60,24
yzerfontein,fortaleza,50,20
yzerfontein,myrtle-beach,88,49
yzerfontein,virginia-beach,68,40
yzerfontein,bellport,56,18
yzerfontein,bilbao,73,48
yzerfontein,bude,41,10
yzerfontein,sines,30,2
yzerfontein,carcavelos,32,4
yzerfontein,marseille,40,14
yzerfontein,accra,15,4
yzerfontein,lagos,12,2
yzerfontein,maputo,5,2
yzerfontein,mombasa,11,3
yzerfontein,djibouti,21,4
yzerfontein,jeddah,23,8
yzerfontein,mumbai,38,14
yzerfontein,singapore,47,18
yzerfontein,perth,61,24
yzerfontein,sydney,71,29
yzerfontein,auckland,77,34
yzerfontein,los-angeles,99,54
yzerfontein,chiba,65,34
yzerfontein,dakar,24,8
yzerfontein,gran-canaria,26,6
yzerfontein,abidjan,18,6
yzerfontein,lome,14,3
yzerfontein,libreville,10,4
yzerfontein,pointe-noire,7,2
yzerfontein,luanda,6,2
yzerfontein,swakopmund,3,2
yzerfontein,gqeberha,2,2
yzerfontein,amanzimtoti,4,3
yzerfontein,dar-es-salaam,9,3
yzerfontein,moroni,8,3
yzerfontein,mahajanga,19,9
yzerfontein,nacala,13,8
yzerfontein,carana,17,4
yzerfontein,mogadishu,16,4
yzerfontein,berbera,20,5
yzerfontein,port-sudan,22,10
yzerfontein,suez,28,13
yzerfontein,port-said,29,12
yzerfontein,tympaki,37,20
yzerfontein,barcelona,44,17
yzerfontein,genoa,43,16
yzerfontein,salalah,25,11
yzerfontein,barka,27,12
yzerfontein,abu-dhabi,31,15
yzerfontein,doha,33,20
yzerfontein,manama,36,21
yzerfontein,al-faw,39,23
yzerfontein,karachi,34,12
yzerfontein,catania,42,19
yzerfontein,matara,45,21
yzerfontein,kuakata,49,29
yzerfontein,ngwe-saung,51,30
yzerfontein,melaka,48,20
yzerfontein,medan,46,20
yzerfontein,fujairah,35,18
yzerfontein,hong-kong,57,31
yzerfontein,shantou,59,32
yzerfontein,batangas,58,32
yzerfontein,sriracha,54,31
yzerfontein,quy-nhon,55,27
yzerfontein,vung-tau,52,23
yzerfontein,brunei,53,20
yzerfontein,davao,70,50
yzerfontein,guam,63,22
yzerfontein,yap,66,39
yzerfontein,palau,67,47
yzerfontein,makaha,90,49
yzerfontein,kauditan,72,53
yzerfontein,port-moresby,80,55
yzerfontein,honiara,82,52
yzerfontein,auki,85,53
yzerfontein,noro,86,55
yzerfontein,taro,89,56
yzerfontein,nukunonu,94,57
yzerfontein,mangawhai,76,33
yzerfontein,pago-pago,93,45
yzerfontein,neiafu,95,57
yzerfontein,suva,87,42
yzerfontein,apia,92,46
yzerfontein,rarotonga,96,54
yzerfontein,aitutaki,97,62
yzerfontein,alofi,100,75
yzerfontein,tahiti,98,67
yzerfontein,ireland-west,69,46
yzerfontein,iceland,74,47
yzerfontein,nuuk,78,50
yzerfontein,qaqortoq,83,52
yzerfontein,milton-nl,91,51
yzerfontein,maniitsoq,79,51
yzerfontein,sisimiut,81,52
yzerfontein,aasiaat,84,54
yzerfontein,faroe-islands,75,51
maputo,las-toninas,70,35
maputo,punta-del-este,69,34
maputo,praia-grande,65,33
maputo,fortaleza,59,30
maputo,myrtle-beach,97,50
maputo,virginia-beach,75,47
maputo,bellport,60,34
maputo,bilbao,78,48
maputo,bude,45,18
maputo,sines,43,8
maputo,carcavelos,44,10
maputo,marseille,39,10
maputo,accra,24,7
maputo,lagos,21,5
maputo,yzerfontein,4,2
maputo,mombasa,7,2
maputo,djibouti,14,3
maputo,jeddah,19,5
maputo,mumbai,34,11
maputo,singapore,47,16
maputo,perth,58,22
maputo,sydney,67,26
maputo,auckland,72,29
maputo,los-angeles,99,52
maputo,chiba,62,29
maputo,dakar,37,11
maputo,gran-canaria,40,11
maputo,abidjan,28,9
maputo,lome,22,6
maputo,libreville,18,7
maputo,pointe-noire,16,5
maputo,luanda,15,5
maputo,swakopmund,8,5
maputo,gqeberha,3,3
maputo,amanzimtoti,2,2
maputo,dar-es-salaam,6,2
maputo,moroni,5,2
maputo,mahajanga,12,6
maputo,nacala,9,5
maputo,carana,11,3
maputo,mogadishu,10,3
maputo,berbera,13,4
maputo,port-sudan,17,5
maputo,suez,25,6
maputo,port-said,26,5
maputo,tympaki,33,10
maputo,barcelona,42,16
maputo,genoa,38,12
maputo,salalah,20,8
maputo,barka,23,9
maputo,abu-dhabi,27,11
maputo,doha,29,15
maputo,manama,32,16
maputo,al-faw,35,17
maputo,karachi,30,9
maputo,catania,36,9
maputo,matara,41,18
maputo,kuakata,49,25
maputo,ngwe-saung,50,26
maputo,melaka,48,17
maputo,medan,46,17
maputo,fujairah,31,14
maputo,hong-kong,55,27
maputo,shantou,57,28
maputo,batangas,56,29
maputo,sriracha,53,27
maputo,quy-nhon,54,24
maputo,vung-tau,51,20
maputo,brunei,52,18
maputo,davao,66,46
maputo,guam,61,20
maputo,yap,63,36
maputo,palau,64,43
maputo,makaha,82,35
maputo,kauditan,68,49
maputo,port-moresby,74,51
maputo,honiara,76,48
maputo,auki,77,49
maputo,noro,79,51
maputo,taro,81,52
maputo,nukunonu,87,48
maputo,mangawhai,71,28
maputo,pago-pago,86,39
maputo,neiafu,88,52
maputo,suva,80,38
maputo,apia,85,40
maputo,rarotonga,94,49
maputo,aitutaki,95,57
maputo,alofi,100,68
maputo,tahiti,98,56
maputo,ireland-west,73,48
maputo,iceland,83,51
maputo,nuuk,89,53
maputo,qaqortoq,92,58
maputo,milton-nl,96,54
maputo,maniitsoq,90,58
maputo,sisimiut,91,61
maputo,aasiaat,93,63
maputo,faroe-islands,84,57
mombasa,las-toninas,93,49
mombasa,punta-del-este,91,48
mombasa,praia-grande,80,46
mombasa,fortaleza,67,45
mombasa,myrtle-beach,100,76
mombasa,virginia-beach,99,51
mombasa,bellport,59,17
mombasa,bilbao,74,48
mombasa,bude,38,15
mombasa,sines,57,34
mombasa,carcavelos,37,13
mombasa,marseille,31,7
mombasa,accra,43,20
mombasa,lagos,40,19
mombasa,yzerfontein,18,4
mombasa,maputo,10,2
mombasa,djibouti,7,2
mombasa,jeddah,12,3
mombasa,mumbai,26,7
mombasa,singapore,42,12
mombasa,perth,58,20
mombasa,sydney,65,24
mombasa,auckland,69,26
mombasa,los-angeles,97,50
mombasa,chiba,61,25
mombasa,dakar,53,26
mombasa,gran-canaria,47,17
mombasa,abidjan,46,23
mombasa,lome,41,19
mombasa,libreville,36,18
mombasa,pointe-noire,35,16
mombasa,luanda,32,13
mombasa,swakopmund,28,11
mombasa,gqeberha,15,5
mombasa,amanzimtoti,13,3
mombasa,dar-es-salaam,2,2
mombasa,moroni,4,2
mombasa,mahajanga,8,5
mombasa,nacala,5,3
mombasa,carana,9,5
mombasa,mogadishu,3,2
mombasa,berbera,6,2
mombasa,port-sudan,11,3
mombasa,suez,17,4
mombasa,port-said,19,3
mombasa,tympaki,25,7
mombasa,barcelona,34,13
mombasa,genoa,30,8
mombasa,salalah,14,5
mombasa,barka,16,6
mombasa,abu-dhabi,20,8
mombasa,doha,21,11
mombasa,manama,24,12
mombasa,al-faw,27,13
mombasa,karachi,22,5
mombasa,catania,29,6
mombasa,matara,33,14
mombasa,kuakata,45,21
mombasa,ngwe-saung,48,22
mombasa,melaka,44,13
mombasa,medan,39,13
mombasa,fujairah,23,10
mombasa,hong-kong,54,23
mombasa,shantou,56,24
mombasa,batangas,55,25
mombasa,sriracha,51,23
mombasa,quy-nhon,52,20
mombasa,vung-tau,49,16
mombasa,brunei,50,14
mombasa,davao,64,41
mombasa,guam,60,16
mombasa,yap,62,31
mombasa,palau,63,40
mombasa,makaha,78,30
mombasa,kauditan,66,45
mombasa,port-moresby,71,47
mombasa,honiara,72,45
mombasa,auki,73,46
mombasa,noro,75,47
mombasa,taro,77,48
mombasa,nukunonu,84,45
mombasa,mangawhai,68,25
mombasa,pago-pago,83,36
mombasa,neiafu,85,49
mombasa,suva,76,35
mombasa,apia,82,37
mombasa,rarotonga,92,42
mombasa,aitutaki,94,49
mombasa,alofi,98,60
mombasa,tahiti,96,47
mombasa,ireland-west,70,48
mombasa,iceland,79,51
mombasa,nuuk,86,52
mombasa,qaqortoq,89,57
mombasa,milton-nl,95,52
mombasa,maniitsoq,87,57
mombasa,sisimiut,88,60
mombasa,aasiaat,90,62
mombasa,faroe-islands,81,57
djibouti,las-toninas,99,54
djibouti,punta-del-este,97,52
djibouti,praia-grande,96,48
djibouti,fortaleza,84,47
djibouti,myrtle-beach,100,79
djibouti,virginia-beach,98,65
djibouti,bellport,58,14
djibouti,bilbao,73,48
djibouti,bude,34,12
djibouti,sines,63,35
djibouti,carcavelos,33,10
djibouti,marseille,28,5
djibouti,accra,54,28
djibouti,lagos,55,30
djibouti,yzerfontein,32,7
djibouti,maputo,25,3
djibouti,mombasa,7,2
djibouti,jeddah,5,2
djibouti,mumbai,20,3
djibouti,singapore,37,5
djibouti,perth,57,16
djibouti,sydney,65,20
djibouti,auckland,68,24
djibouti,los-angeles,94,37
djibouti,chiba,60,19
djibouti,dakar,48,17
djibouti,gran-canaria,40,12
djibouti,abidjan,56,30
djibouti,lome,53,29
djibouti,libreville,50,30
djibouti,pointe-noire,47,27
djibouti,luanda,45,23
djibouti,swakopmund,36,15
djibouti,gqeberha,30,6
djibouti,amanzimtoti,26,4
djibouti,dar-es-salaam,8,3
djibouti,moroni,13,2
djibouti,mahajanga,22,8
djibouti,nacala,16,4
djibouti,carana,24,8
djibouti,mogadishu,3,2
djibouti,berbera,2,2
djibouti,port-sudan,4,2
djibouti,suez,10,3
djibouti,port-said,11,2
djibouti,tympaki,19,6
djibouti,barcelona,31,9
djibouti,genoa,27,7
djibouti,salalah,6,2
djibouti,barka,9,3
djibouti,abu-dhabi,12,5
djibouti,doha,14,8
djibouti,manama,18,9
djibouti,al-faw,21,10
djibouti,karachi,15,2
djibouti,catania,23,4
djibouti,matara,29,8
djibouti,kuakata,39,15
djibouti,ngwe-saung,41,16
djibouti,melaka,38,7
djibouti,medan,35,7
djibouti,fujairah,17,7
djibouti,hong-kong,49,17
djibouti,shantou,52,18
djibouti,batangas,51,19
djibouti,sriracha,44,17
djibouti,quy-nhon,46,14
djibouti,vung-tau,42,10
djibouti,brunei,43,7
djibouti,davao,64,38
djibouti,guam,59,9
djibouti,yap,61,25
djibouti,palau,62,36
djibouti,makaha,77,24
djibouti,kauditan,66,42
djibouti,port-moresby,70,45
djibouti,honiara,71,41
djibouti,auki,72,42
djibouti,noro,74,44
djibouti,taro,76,46
djibouti,nukunonu,82,41
djibouti,mangawhai,67,23
djibouti,pago-pago,81,32
djibouti,neiafu,83,47
djibouti,suva,75,31
djibouti,apia,80,33
djibouti,rarotonga,90,41
djibouti,aitutaki,91,48
djibouti,alofi,95,59
djibouti,tahiti,93,46
djibouti,ireland-west,69,48
djibouti,iceland,78,51
djibouti,nuuk,85,52
djibouti,qaqortoq,88,57
djibouti,milton-nl,92,52
djibouti,maniitsoq,86,57
djibouti,sisimiut,87,60
djibouti,aasiaat,89,62
djibouti,faroe-islands,79,57
jeddah,las-toninas,99,50
jeddah,punta-del-este,97,49
jeddah,praia-grande,92,48
jeddah,fortaleza,80,46
jeddah,myrtle-beach,100,78
jeddah,virginia-beach,98,57
jeddah,bellport,56,12
jeddah,bilbao,68,48
jeddah,bude,30,10
jeddah,sines,61,31
jeddah,carcavelos,27,8
jeddah,marseille,20,3
jeddah,accra,48,19
jeddah,lagos,49,20
jeddah,yzerfontein,36,9
jeddah,maputo,31,5
jeddah,mombasa,13,4
jeddah,djibouti,4,2
jeddah,mumbai,16,2
jeddah,singapore,37,3
jeddah,perth,58,13
jeddah,sydney,65,16
jeddah,auckland,70,21
jeddah,los-angeles,95,40
jeddah,chiba,60,21
jeddah,dakar,40,12
jeddah,gran-canaria,33,10
jeddah,abidjan,50,21
jeddah,lome,47,20
jeddah,libreville,57,39
jeddah,pointe-noire,55,31
jeddah,luanda,51,28
jeddah,swakopmund,42,17
jeddah,gqeberha,34,8
jeddah,amanzimtoti,32,6
jeddah,dar-es-salaam,14,5
jeddah,moroni,18,3
jeddah,mahajanga,26,10
jeddah,nacala,22,6
jeddah,carana,28,11
jeddah,mogadishu,9,3
jeddah,berbera,6,3
jeddah,port-sudan,2,2
jeddah,suez,3,2
jeddah,port-said,5,3
jeddah,tympaki,8,4
jeddah,barcelona,24,7
jeddah,genoa,19,5
jeddah,salalah,10,4
jeddah,barka,15,6
jeddah,abu-dhabi,17,10
jeddah,doha,21,11
jeddah,manama,23,12
jeddah,al-faw,25,14
jeddah,karachi,11,2
jeddah,catania,12,2
jeddah,matara,29,8
jeddah,kuakata,38,14
jeddah,ngwe-saung,41,16
jeddah,melaka,39,8
jeddah,medan,35,4
jeddah,fujairah,7,2
jeddah,hong-kong,52,17
jeddah,shantou,54,18
jeddah,batangas,53,17
jeddah,sriracha,45,17
jeddah,quy-nhon,46,13
jeddah,vung-tau,43,12
jeddah,brunei,44,6
jeddah,davao,64,39
jeddah,guam,59,10
jeddah,yap,62,26
jeddah,palau,63,31
jeddah,makaha,79,26
jeddah,kauditan,66,42
jeddah,port-moresby,72,44
jeddah,honiara,73,42
jeddah,auki,75,43
jeddah,noro,76,43
jeddah,taro,78,45
jeddah,nukunonu,88,36
jeddah,mangawhai,69,21
jeddah,pago-pago,87,27
jeddah,neiafu,89,45
jeddah,suva,77,25
jeddah,apia,86,30
jeddah,rarotonga,91,40
jeddah,aitutaki,93,48
jeddah,alofi,96,64
jeddah,tahiti,94,51
jeddah,ireland-west,67,40
jeddah,iceland,71,42
jeddah,nuuk,81,43
jeddah,qaqortoq,84,46
jeddah,milton-nl,90,50
jeddah,maniitsoq,82,44
jeddah,sisimiut,83,46
jeddah,aasiaat,85,49
jeddah,faroe-islands,74,46
mumbai,las-toninas,99,66
mumbai,punta-del-este,98,64
mumbai,praia-grande,96,58
mumbai,fortaleza,94,53
mumbai,myrtle-beach,100,98
mumbai,virginia-beach,97,73
mumbai,bellport,64,4
mumbai,bilbao,86,59
mumbai,bude,41,3
mumbai,sines,77,34
mumbai,carcavelos,44,4
mumbai,marseille,36,2
mumbai,accra,59,27
mumbai,lagos,60,27
mumbai,yzerfontein,49,10
mumbai,maputo,42,6
mumbai,mombasa,22,4
mumbai,djibouti,9,3
mumbai,jeddah,12,2
mumbai,singapore,15,2
mumbai,perth,43,3
mumbai,sydney,56,6
mumbai,auckland,67,7
mumbai,los-angeles,84,25
mumbai,chiba,48,4
mumbai,dakar,55,21
mumbai,gran-canaria,50,15
mumbai,abidjan,62,29
mumbai,lome,58,27
mumbai,libreville,65,39
mumbai,pointe-noire,63,33
mumbai,luanda,61,29
mumbai,swakopmund,53,24
mumbai,gqeberha,47,9
mumbai,amanzimtoti,45,7
mumbai,dar-es-salaam,27,5
mumbai,moroni,29,5
mumbai,mahajanga,37,12
mumbai,nacala,32,7
mumbai,carana,40,19
mumbai,mogadishu,18,5
mumbai,berbera,13,4
mumbai,port-sudan,14,4
mumbai,suez,17,5
mumbai,port-said,19,6
mumbai,tympaki,25,7
mumbai,barcelona,39,4
mumbai,genoa,38,9
mumbai,salalah,4,2
mumbai,barka,6,5
mumbai,abu-dhabi,7,6
mumbai,doha,10,7
mumbai,manama,8,6
mumbai,al-faw,5,3
mumbai,karachi,2,2
mumbai,catania,31,5
mumbai,matara,11,3
mumbai,kuakata,28,5
mumbai,ngwe-saung,30,5
mumbai,melaka,16,3
mumbai,medan,20,3
mumbai,fujairah,3,3
mumbai,hong-kong,33,4
mumbai,shantou,35,5
mumbai,batangas,34,8
mumbai,sriracha,24,4
mumbai,quy-nhon,26,3
mumbai,vung-tau,21,3
mumbai,brunei,23,3
mumbai,davao,54,20
mumbai,guam,46,4
mumbai,yap,51,13
mumbai,palau,52,16
mumbai,makaha,74,6
mumbai,kauditan,57,25
mumbai,port-moresby,68,25
mumbai,honiara,69,22
mumbai,auki,70,24
mumbai,noro,71,25
mumbai,taro,73,26
mumbai,nukunonu,78,19
mumbai,mangawhai,66,7
mumbai,pago-pago,76,14
mumbai,neiafu,79,23
mumbai,suva,72,13
mumbai,apia,75,15
mumbai,rarotonga,80,20
mumbai,aitutaki,81,24
mumbai,alofi,85,37
mumbai,tahiti,83,22
mumbai,ireland-west,82,50
mumbai,iceland,87,53
mumbai,nuuk,89,56
mumbai,qaqortoq,92,58
mumbai,milton-nl,95,63
mumbai,maniitsoq,90,57
mumbai,sisimiut,91,58
mumbai,aasiaat,93,60
mumbai,faroe-islands,88,56
singapore,las-toninas,99,88
singapore,punta-del-este,98,87
singapore,praia-grande,96,86
singapore,fortaleza,94,68
singapore,myrtle-beach,100,98
singapore,virginia-beach,97,93
singapore,bellport,82,17
singapore,bilbao,86,66
singapore,bude,58,9
singapore,sines,84,49
singapore,carcavelos,63,11
singapore,marseille,52,7
singapore,accra,77,39
singapore,lagos,78,40
singapore,yzerfontein,68,21
singapore,maputo,59,16
singapore,mombasa,38,12
singapore,djibouti,29,7
singapore,jeddah,31,6
singapore,mumbai,14,2
singapore,perth,15,2
singapore,sydney,28,5
singapore,auckland,42,6
singapore,los-angeles,72,3
singapore,chiba,18,2
singapore,dakar,75,29
singapore,gran-canaria,69,22
singapore,abidjan,80,41
singapore,lome,76,39
singapore,libreville,83,52
singapore,pointe-noire,81,46
singapore,luanda,79,42
singapore,swakopmund,73,36
singapore,gqeberha,66,20
singapore,amanzimtoti,64,18
singapore,dar-es-salaam,40,13
singapore,moroni,43,15
singapore,mahajanga,55,22
singapore,nacala,48,17
singapore,carana,57,32
singapore,mogadishu,37,13
singapore,berbera,32,10
singapore,port-sudan,34,8
singapore,suez,35,6
singapore,port-said,36,9
singapore,tympaki,39,10
singapore,barcelona,56,11
singapore,genoa,54,16
singapore,salalah,21,6
singapore,barka,24,13
singapore,abu-dhabi,26,14
singapore,doha,30,15
singapore,manama,27,13
singapore,al-faw,23,6
singapore,karachi,17,4
singapore,catania,44,8
singapore,matara,10,2
singapore,kuakata,11,3
singapore,ngwe-saung,8,2
singapore,melaka,2,2
singapore,medan,3,2
singapore,fujairah,20,5
singapore,hong-kong,9,2
singapore,shantou,13,3
singapore,batangas,12,6
singapore,sriracha,6,2
singapore,quy-nhon,7,2
singapore,vung-tau,4,2
singapore,brunei,5,2
singapore,davao,25,14
singapore,guam,16,3
singapore,yap,19,11
singapore,palau,22,13
singapore,makaha,53,4
singapore,kauditan,33,17
singapore,port-moresby,45,19
singapore,honiara,46,17
singapore,auki,47,18
singapore,noro,49,18
singapore,taro,51,19
singapore,nukunonu,62,16
singapore,mangawhai,41,6
singapore,pago-pago,61,12
singapore,neiafu,65,20
singapore,suva,50,11
singapore,apia,60,13
singapore,rarotonga,67,17
singapore,aitutaki,70,21
singapore,alofi,74,30
singapore,tahiti,71,19
singapore,ireland-west,85,58
singapore,iceland,87,61
singapore,nuuk,89,71
singapore,qaqortoq,92,74
singapore,milton-nl,95,82
singapore,maniitsoq,90,74
singapore,sisimiut,91,75
singapore,aasiaat,93,78
singapore,faroe-islands,88,64
perth,las-toninas,99,88
perth,punta-del-este,98,87
perth,praia-grande,96,86
perth,fortaleza,94,82
perth,myrtle-beach,100,98
perth,virginia-beach,97,93
perth,bellport,82,34
perth,bilbao,86,84
perth,bude,66,10
perth,sines,84,55
perth,carcavelos,69,12
perth,marseille,61,8
perth,accra,77,41
perth,lagos,78,42
perth,yzerfontein,72,22
perth,maputo,68,18
perth,mombasa,55,13
perth,djibouti,45,8
perth,jeddah,47,7
perth,mumbai,26,3
perth,singapore,3,2
perth,sydney,2,2
perth,auckland,11,3
perth,los-angeles,67,3
perth,chiba,32,3
perth,dakar,75,30
perth,gran-canaria,73,23
perth,abidjan,80,43
perth,lome,76,41
perth,libreville,83,53
perth,pointe-noire,81,47
perth,luanda,79,43
perth,swakopmund,74,37
perth,gqeberha,71,21
perth,amanzimtoti,70,19
perth,dar-es-salaam,57,14
perth,moroni,58,16
perth,mahajanga,63,24
perth,nacala,60,18
perth,carana,65,33
perth,mogadishu,54,14
perth,berbera,48,11
perth,port-sudan,50,9
perth,suez,52,7
perth,port-said,53,10
perth,tympaki,56,11
perth,barcelona,64,12
perth,genoa,62,17
perth,salalah,36,7
perth,barka,41,14
perth,abu-dhabi,43,15
perth,doha,46,16
perth,manama,44,14
perth,al-faw,40,7
perth,karachi,30,5
perth,catania,59,9
perth,matara,19,3
perth,kuakata,20,4
perth,ngwe-saung,12,3
perth,melaka,4,3
perth,medan,5,3
perth,fujairah,35,6
perth,hong-kong,17,3
perth,shantou,23,4
perth,batangas,22,7
perth,sriracha,8,3
perth,quy-nhon,9,3
perth,vung-tau,6,3
perth,brunei,7,3
perth,davao,42,21
perth,guam,29,6
perth,yap,34,17
perth,palau,37,20
perth,makaha,51,9
perth,kauditan,49,24
perth,port-moresby,13,3
perth,honiara,14,3
perth,auki,15,4
perth,noro,16,4
perth,taro,21,4
perth,nukunonu,27,4
perth,mangawhai,10,3
perth,pago-pago,25,3
perth,neiafu,28,8
perth,suva,18,3
perth,apia,24,4
perth,rarotonga,31,8
perth,aitutaki,33,9
perth,alofi,39,15
perth,tahiti,38,8
perth,ireland-west,85,76
perth,iceland,87,78
perth,nuuk,89,80
perth,qaqortoq,92,82
perth,milton-nl,95,87
perth,maniitsoq,90,81
perth,sisimiut,91,82
perth,aasiaat,93,83
perth,faroe-islands,88,81
sydney,las-toninas,99,88
sydney,punta-del-este,98,87
sydney,praia-grande,96,86
sydney,fortaleza,94,82
sydney,myrtle-beach,100,98
sydney,virginia-beach,97,93
sydney,bellport,82,37
sydney,bilbao,86,85
sydney,bude,67,16
sydney,sines,84,68
sydney,carcavelos,69,14
sydney,marseille,62,10
sydney,accra,77,50
sydney,lagos,78,50
sydney,yzerfontein,72,36
sydney,maputo,68,26
sydney,mombasa,56,19
sydney,djibouti,47,9
sydney,jeddah,49,8
sydney,mumbai,33,4
sydney,singapore,18,3
sydney,perth,9,2
sydney,auckland,3,2
sydney,los-angeles,36,2
sydney,chiba,37,15
sydney,dakar,75,40
sydney,gran-canaria,73,25
sydney,abidjan,80,58
sydney,lome,76,49
sydney,libreville,83,68
sydney,pointe-noire,81,62
sydney,luanda,79,57
sydney,swakopmund,74,51
sydney,gqeberha,71,34
sydney,amanzimtoti,70,30
sydney,dar-es-salaam,58,22
sydney,moroni,59,24
sydney,mahajanga,64,32
sydney,nacala,61,27
sydney,carana,66,41
sydney,mogadishu,55,16
sydney,berbera,50,13
sydney,port-sudan,52,10
sydney,suez,53,8
sydney,port-said,54,11
sydney,tympaki,57,13
sydney,barcelona,65,14
sydney,genoa,63,19
sydney,salalah,40,8
sydney,barka,43,16
sydney,abu-dhabi,45,17
sydney,doha,48,18
sydney,manama,46,16
sydney,al-faw,42,8
sydney,karachi,35,6
sydney,catania,60,11
sydney,matara,29,4
sydney,kuakata,30,6
sydney,ngwe-saung,27,4
sydney,melaka,20,4
sydney,medan,21,4
sydney,fujairah,39,7
sydney,hong-kong,28,9
sydney,shantou,32,10
sydney,batangas,31,13
sydney,sriracha,24,5
sydney,quy-nhon,26,5
sydney,vung-tau,22,5
sydney,brunei,23,9
sydney,davao,44,28
sydney,guam,34,17
sydney,yap,38,25
sydney,palau,41,27
sydney,makaha,25,8
sydney,kauditan,51,34
sydney,port-moresby,4,2
sydney,honiara,5,2
sydney,auki,6,3
sydney,noro,7,3
sydney,taro,10,3
sydney,nukunonu,13,3
sydney,mangawhai,2,2
sydney,pago-pago,12,2
sydney,neiafu,14,7
sydney,suva,8,2
sydney,apia,11,3
sydney,rarotonga,15,7
sydney,aitutaki,16,8
sydney,alofi,19,14
sydney,tahiti,17,7
sydney,ireland-west,85,77
sydney,iceland,87,78
sydney,nuuk,89,80
sydney,qaqortoq,92,82
sydney,milton-nl,95,87
sydney,maniitsoq,90,81
sydney,sisimiut,91,82
sydney,aasiaat,93,83
sydney,faroe-islands,88,81
auckland,las-toninas,99,88
auckland,punta-del-este,98,87
auckland,praia-grande,96,86
auckland,fortaleza,94,82
auckland,myrtle-beach,100,98
auckland,virginia-beach,97,93
auckland,bellport,82,37
auckland,bilbao,86,85
auckland,bude,67,21
auckland,sines,84,68
auckland,carcavelos,69,20
auckland,marseille,62,14
auckland,accra,77,57
auckland,lagos,78,57
auckland,yzerfontein,72,38
auckland,maputo,68,32
auckland,mombasa,56,20
auckland,djibouti,47,10
auckland,jeddah,49,9
auckland,mumbai,34,5
auckland,singapore,19,4
auckland,perth,13,3
auckland,sydney,3,2
auckland,los-angeles,23,2
auckland,chiba,37,18
auckland,dakar,75,43
auckland,gran-canaria,73,33
auckland,abidjan,80,60
auckland,lome,76,56
auckland,libreville,83,70
auckland,pointe-noire,81,64
auckland,luanda,79,60
auckland,swakopmund,74,53
auckland,gqeberha,71,37
auckland,amanzimtoti,70,35
auckland,dar-es-salaam,58,23
auckland,moroni,59,27
auckland,mahajanga,64,35
auckland,nacala,61,29
auckland,carana,66,46
auckland,mogadishu,55,18
auckland,berbera,50,14
auckland,port-sudan,52,11
auckland,suez,53,9
auckland,port-said,54,12
auckland,tympaki,57,14
auckland,barcelona,65,19
auckland,genoa,63,23
auckland,salalah,40,9
auckland,barka,43,18
auckland,abu-dhabi,45,19
auckland,doha,48,20
auckland,manama,46,17
auckland,al-faw,42,9
auckland,karachi,36,7
auckland,catania,60,12
auckland,matara,30,5
auckland,kuakata,31,7
auckland,ngwe-saung,28,5
auckland,melaka,20,5
auckland,medan,21,5
auckland,fujairah,39,8
auckland,hong-kong,29,11
auckland,shantou,33,14
auckland,batangas,32,17
auckland,sriracha,25,6
auckland,quy-nhon,27,7
auckland,vung-tau,22,6
auckland,brunei,24,11
auckland,davao,44,32
auckland,guam,35,21
auckland,yap,38,29
auckland,palau,41,31
auckland,makaha,26,12
auckland,kauditan,51,35
auckland,port-moresby,8,3
auckland,honiara,9,4
auckland,auki,11,5
auckland,noro,12,5
auckland,taro,14,5
auckland,nukunonu,5,3
auckland,mangawhai,6,4
auckland,pago-pago,17,8
auckland,neiafu,18,11
auckland,suva,2,2
auckland,apia,4,3
auckland,rarotonga,7,4
auckland,aitutaki,10,5
auckland,alofi,16,7
auckland,tahiti,15,4
auckland,ireland-west,85,77
auckland,iceland,87,78
auckland,nuuk,89,80
auckland,qaqortoq,92,82
auckland,milton-nl,95,87
auckland,maniitsoq,90,81
auckland,sisimiut,91,82
auckland,aasiaat,93,83
auckland,faroe-islands,88,81
los-angeles,las-toninas,99,88
los-angeles,punta-del-este,98,87
los-angeles,praia-grande,96,86
los-angeles,fortaleza,94,85
los-angeles,myrtle-beach,100,98
los-angeles,virginia-beach,97,93
los-angeles,bellport,82,41
los-angeles,bilbao,86,85
los-angeles,bude,67,22
los-angeles,sines,84,68
los-angeles,carcavelos,69,25
los-angeles,marseille,62,21
los-angeles,accra,77,50
los-angeles,lagos,78,50
los-angeles,yzerfontein,72,35
los-angeles,maputo,68,29
los-angeles,mombasa,56,24
los-angeles,djibouti,48,20
los-angeles,jeddah,50,19
los-angeles,mumbai,40,15
los-angeles,singapore,20,3
los-angeles,perth,29,3
los-angeles,sydney,11,2
los-angeles,auckland,4,2
los-angeles,chiba,2,2
los-angeles,dakar,75,42
los-angeles,gran-canaria,73,35
los-angeles,abidjan,80,52
los-angeles,lome,76,50
los-angeles,libreville,83,64
los-angeles,pointe-noire,81,58
los-angeles,luanda,79,54
los-angeles,swakopmund,74,50
los-angeles,gqeberha,71,34
los-angeles,amanzimtoti,70,31
los-angeles,dar-es-salaam,58,25
los-angeles,moroni,59,28
los-angeles,mahajanga,64,35
los-angeles,nacala,61,30
los-angeles,carana,66,42
los-angeles,mogadishu,55,25
los-angeles,berbera,51,23
los-angeles,port-sudan,52,21
los-angeles,suez,53,19
los-angeles,port-said,54,22
los-angeles,tympaki,57,24
los-angeles,barcelona,65,25
los-angeles,genoa,63,29
los-angeles,salalah,43,19
los-angeles,barka,45,25
los-angeles,abu-dhabi,46,26
los-angeles,doha,49,27
los-angeles,manama,47,26
los-angeles,al-faw,44,19
los-angeles,karachi,41,17
los-angeles,catania,60,21
los-angeles,matara,37,10
los-angeles,kuakata,38,17
los-angeles,ngwe-saung,33,16
los-angeles,melaka,22,8
los-angeles,medan,23,9
los-angeles,fujairah,42,18
los-angeles,hong-kong,7,3
los-angeles,shantou,9,4
los-angeles,batangas,8,3
los-angeles,sriracha,17,4
los-angeles,quy-nhon,14,4
los-angeles,vung-tau,16,4
los-angeles,brunei,15,5
los-angeles,davao,10,3
los-angeles,guam,3,2
los-angeles,yap,5,3
los-angeles,palau,6,4
los-angeles,makaha,32,4
los-angeles,kauditan,12,2
los-angeles,port-moresby,24,8
los-angeles,honiara,25,9
los-angeles,auki,26,10
los-angeles,noro,27,10
los-angeles,taro,30,10
los-angeles,nukunonu,19,4
los-angeles,mangawhai,21,4
los-angeles,pago-pago,35,9
los-angeles,neiafu,39,15
los-angeles,suva,13,3
los-angeles,apia,18,4
los-angeles,rarotonga,28,5
los-angeles,aitutaki,31,6
los-angeles,alofi,36,10
los-angeles,tahiti,34,5
los-angeles,ireland-west,85,77
los-angeles,iceland,87,78
los-angeles,nuuk,89,80
los-angeles,qaqortoq,92,82
los-angeles,milton-nl,95,87
los-angeles,maniitsoq,90,81
los-angeles,sisimiut,91,82
los-angeles,aasiaat,93,83
los-angeles,faroe-islands,88,81
chiba,las-toninas,99,88
chiba,punta-del-este,98,87
chiba,praia-grande,96,86
chiba,fortaleza,94,71
chiba,myrtle-beach,100,98
chiba,virginia-beach,97,93
chiba,bellport,82,22
chiba,bilbao,86,68
chiba,bude,60,15
chiba,sines,84,53
chiba,carcavelos,65,18
chiba,marseille,54,14
chiba,accra,77,42
chiba,lagos,78,41
chiba,yzerfontein,69,25
chiba,maputo,61,20
chiba,mombasa,40,18
chiba,djibouti,32,14
chiba,jeddah,34,13
chiba,mumbai,21,9
chiba,singapore,8,2
chiba,perth,22,7
chiba,sydney,31,15
chiba,auckland,44,16
chiba,los-angeles,19,2
chiba,dakar,75,36
chiba,gran-canaria,70,29
chiba,abidjan,80,44
chiba,lome,76,41
chiba,libreville,83,59
chiba,pointe-noire,81,52
chiba,luanda,79,47
chiba,swakopmund,73,40
chiba,gqeberha,67,24
chiba,amanzimtoti,66,22
chiba,dar-es-salaam,42,19
chiba,moroni,45,19
chiba,mahajanga,56,26
chiba,nacala,50,21
chiba,carana,59,37
chiba,mogadishu,39,19
chiba,berbera,35,16
chiba,port-sudan,36,15
chiba,suez,37,13
chiba,port-said,38,16
chiba,tympaki,41,17
chiba,barcelona,57,18
chiba,genoa,55,22
chiba,salalah,25,13
chiba,barka,27,19
chiba,abu-dhabi,29,20
chiba,doha,33,21
chiba,manama,30,19
chiba,al-faw,26,13
chiba,karachi,23,11
chiba,catania,46,15
chiba,matara,16,9
chiba,kuakata,17,10
chiba,ngwe-saung,14,9
chiba,melaka,10,7
chiba,medan,11,8
chiba,fujairah,24,12
chiba,hong-kong,2,2
chiba,shantou,4,3
chiba,batangas,3,2
chiba,sriracha,7,3
chiba,quy-nhon,5,3
chiba,vung-tau,6,3
chiba,brunei,9,7
chiba,davao,18,12
chiba,guam,12,4
chiba,yap,13,6
chiba,palau,15,9
chiba,makaha,28,6
chiba,kauditan,20,16
chiba,port-moresby,47,21
chiba,honiara,48,20
chiba,auki,49,21
chiba,noro,51,21
chiba,taro,53,21
chiba,nukunonu,64,23
chiba,mangawhai,43,16
chiba,pago-pago,58,19
chiba,neiafu,63,24
chiba,suva,52,19
chiba,apia,62,23
chiba,rarotonga,68,26
chiba,aitutaki,71,28
chiba,alofi,74,34
chiba,tahiti,72,26
chiba,ireland-west,85,60
chiba,iceland,87,61
chiba,nuuk,89,72
chiba,qaqortoq,92,75
chiba,milton-nl,95,82
chiba,maniitsoq,90,74
chiba,sisimiut,91,75
chiba,aasiaat,93,78
chiba,faroe-islands,88,64
dakar,las-toninas,58,22
dakar,punta-del-este,55,21
dakar,praia-grande,48,19
dakar,fortaleza,39,16
dakar,myrtle-beach,79,35
dakar,virginia-beach,69,23
dakar,bellport,29,5
dakar,bilbao,54,26
dakar,bude,11,3
dakar,sines,17,10
dakar,carcavelos,7,2
dakar,marseille,10,4
dakar,accra,4,3
dakar,lagos,6,2
dakar,yzerfontein,21,6
dakar,maputo,26,11
dakar,mombasa,37,22
dakar,djibouti,27,14
dakar,jeddah,23,11
dakar,mumbai,35,10
dakar,singapore,51,14
dakar,perth,74,34
dakar,sydney,81,39
dakar,auckland,84,41
dakar,los-angeles,99,65
dakar,chiba,76,34
dakar,gran-canaria,2,2
dakar,abidjan,3,2
dakar,lome,5,3
dakar,libreville,8,3
dakar,pointe-noire,9,5
dakar,luanda,14,5
dakar,swakopmund,16,5
dakar,gqeberha,22,11
dakar,amanzimtoti,25,12
dakar,dar-es-salaam,36,17
dakar,moroni,34,14
dakar,mahajanga,46,31
dakar,nacala,41,22
dakar,carana,44,27
dakar,mogadishu,31,17
dakar,berbera,30,15
dakar,port-sudan,24,17
dakar,suez,20,10
dakar,port-said,19,12
dakar,tympaki,18,7
dakar,barcelona,13,5
dakar,genoa,12,5
dakar,salalah,33,23
dakar,barka,38,25
dakar,abu-dhabi,40,27
dakar,doha,42,29
dakar,manama,43,30
dakar,al-faw,45,27
dakar,karachi,32,14
dakar,catania,15,5
dakar,matara,47,21
dakar,kuakata,52,29
dakar,ngwe-saung,57,31
dakar,melaka,53,22
dakar,medan,50,16
dakar,fujairah,28,12
dakar,hong-kong,66,32
dakar,shantou,71,33
dakar,batangas,68,31
dakar,sriracha,61,32
dakar,quy-nhon,62,27
dakar,vung-tau,59,25
dakar,brunei,60,23
dakar,davao,80,59
dakar,guam,75,25
dakar,yap,77,42
dakar,palau,78,51
dakar,makaha,91,38
dakar,kauditan,82,62
dakar,port-moresby,85,65
dakar,honiara,86,63
dakar,auki,87,65
dakar,noro,88,65
dakar,taro,90,66
dakar,nukunonu,94,57
dakar,mangawhai,83,41
dakar,pago-pago,93,50
dakar,neiafu,95,69
dakar,suva,89,47
dakar,apia,92,52
dakar,rarotonga,96,64
dakar,aitutaki,97,69
dakar,alofi,100,82
dakar,tahiti,98,67
dakar,ireland-west,49,23
dakar,iceland,56,24
dakar,nuuk,64,26
dakar,qaqortoq,70,28
dakar,milton-nl,73,27
dakar,maniitsoq,65,27
dakar,sisimiut,67,28
dakar,aasiaat,72,30
dakar,faroe-islands,63,28
gran-canaria,las-toninas,71,24
gran-canaria,punta-del-este,70,23
gran-canaria,praia-grande,59,21
gran-canaria,fortaleza,47,17
gran-canaria,myrtle-beach,82,46
gran-canaria,virginia-beach,75,26
gran-canaria,bellport,26,5
gran-canaria,bilbao,53,25
gran-canaria,bude,5,3
gran-canaria,sines,21,11
gran-canaria,carcavelos,2,2
gran-canaria,marseille,4,3
gran-canaria,accra,8,2
gran-canaria,lagos,11,3
gran-canaria,yzerfontein,25,5
gran-canaria,maputo,34,12
gran-canaria,mombasa,35,21
gran-canaria,djibouti,23,6
gran-canaria,jeddah,19,5
gran-canaria,mumbai,33,4
gran-canaria,singapore,50,6
gran-canaria,perth,73,32
gran-canaria,sydney,80,38
gran-canaria,auckland,84,40
gran-canaria,los-angeles,99,64
gran-canaria,chiba,76,32
gran-canaria,dakar,3,2
gran-canaria,abidjan,10,3
gran-canaria,lome,9,3
gran-canaria,libreville,14,7
gran-canaria,pointe-noire,15,5
gran-canaria,luanda,16,5
gran-canaria,swakopmund,20,4
gran-canaria,gqeberha,28,10
gran-canaria,amanzimtoti,32,13
gran-canaria,dar-es-salaam,36,23
gran-canaria,moroni,39,20
gran-canaria,mahajanga,44,30
gran-canaria,nacala,41,24
gran-canaria,carana,46,30
gran-canaria,mogadishu,29,14
gran-canaria,berbera,27,10
gran-canaria,port-sudan,22,10
gran-canaria,suez,18,5
gran-canaria,port-said,17,7
gran-canaria,tympaki,13,6
gran-canaria,barcelona,7,4
gran-canaria,genoa,6,4
gran-canaria,salalah,31,18
gran-canaria,barka,37,21
gran-canaria,abu-dhabi,38,24
gran-canaria,doha,40,27
gran-canaria,manama,42,28
gran-canaria,al-faw,43,25
gran-canaria,karachi,30,8
gran-canaria,catania,12,4
gran-canaria,matara,45,13
gran-canaria,kuakata,51,25
gran-canaria,ngwe-saung,55,27
gran-canaria,melaka,52,14
gran-canaria,medan,49,8
gran-canaria,fujairah,24,6
gran-canaria,hong-kong,64,27
gran-canaria,shantou,68,28
gran-canaria,batangas,66,24
gran-canaria,sriracha,58,27
gran-canaria,quy-nhon,60,19
gran-canaria,vung-tau,56,17
gran-canaria,brunei,57,15
gran-canaria,davao,79,57
gran-canaria,guam,74,18
gran-canaria,yap,77,37
gran-canaria,palau,78,45
gran-canaria,makaha,91,35
gran-canaria,kauditan,81,62
gran-canaria,port-moresby,85,65
gran-canaria,honiara,86,59
gran-canaria,auki,87,62
gran-canaria,noro,88,65
gran-canaria,taro,90,66
gran-canaria,nukunonu,94,55
gran-canaria,mangawhai,83,40
gran-canaria,pago-pago,93,48
gran-canaria,neiafu,95,63
gran-canaria,suva,89,45
gran-canaria,apia,92,50
gran-canaria,rarotonga,96,63
gran-canaria,aitutaki,97,68
gran-canaria,alofi,100,81
gran-canaria,tahiti,98,65
gran-canaria,ireland-west,48,23
gran-canaria,iceland,54,24
gran-canaria,nuuk,62,25
gran-canaria,qaqortoq,67,27
gran-canaria,milton-nl,72,25
gran-canaria,maniitsoq,63,26
gran-canaria,sisimiut,65,27
gran-canaria,aasiaat,69,29
gran-canaria,faroe-islands,61,27
abidjan,las-toninas,49,18
abidjan,punta-del-este,48,17
abidjan,praia-grande,41,15
abidjan,fortaleza,30,12
abidjan,myrtle-beach,73,27
abidjan,virginia-beach,52,20
abidjan,bellport,37,10
abidjan,bilbao,57,33
abidjan,bude,15,5
abidjan,sines,12,4
abidjan,carcavelos,11,3
abidjan,marseille,14,6
abidjan,accra,2,2
abidjan,lagos,4,2
abidjan,yzerfontein,13,5
abidjan,maputo,21,10
abidjan,mombasa,27,12
abidjan,djibouti,34,16
abidjan,jeddah,28,14
abidjan,mumbai,42,14
abidjan,singapore,54,22
abidjan,perth,75,40
abidjan,sydney,81,45
abidjan,auckland,84,51
abidjan,los-angeles,99,67
abidjan,chiba,77,44
abidjan,dakar,6,2
abidjan,gran-canaria,9,3
abidjan,lome,3,2
abidjan,libreville,5,2
abidjan,pointe-noire,7,4
abidjan,luanda,8,5
abidjan,swakopmund,10,4
abidjan,gqeberha,18,10
abidjan,amanzimtoti,20,11
abidjan,dar-es-salaam,26,12
abidjan,moroni,25,11
abidjan,mahajanga,35,17
abidjan,nacala,31,16
abidjan,carana,33,13
abidjan,mogadishu,32,14
abidjan,berbera,38,17
abidjan,port-sudan,29,20
abidjan,suez,24,14
abidjan,port-said,23,16
abidjan,tympaki,22,14
abidjan,barcelona,17,10
abidjan,genoa,16,7
abidjan,salalah,40,25
abidjan,barka,43,27
abidjan,abu-dhabi,44,36
abidjan,doha,45,38
abidjan,manama,46,39
abidjan,al-faw,47,36
abidjan,karachi,39,17
abidjan,catania,19,11
abidjan,matara,50,32
abidjan,kuakata,55,40
abidjan,ngwe-saung,59,42
abidjan,melaka,56,31
abidjan,medan,53,24
abidjan,fujairah,36,15
abidjan,hong-kong,67,42
abidjan,shantou,71,43
abidjan,batangas,69,42
abidjan,sriracha,62,44
abidjan,quy-nhon,63,38
abidjan,vung-tau,60,36
abidjan,brunei,61,31
abidjan,davao,80,59
abidjan,guam,76,33
abidjan,yap,78,53
abidjan,palau,79,57
abidjan,makaha,91,50
abidjan,kauditan,82,62
abidjan,port-moresby,85,65
abidjan,honiara,86,63
abidjan,auki,87,65
abidjan,noro,88,65
abidjan,taro,90,66
abidjan,nukunonu,94,66
abidjan,mangawhai,83,51
abidjan,pago-pago,93,59
abidjan,neiafu,95,70
abidjan,suva,89,56
abidjan,apia,92,61
abidjan,rarotonga,96,65
abidjan,aitutaki,97,70
abidjan,alofi,100,82
abidjan,tahiti,98,68
abidjan,ireland-west,51,25
abidjan,iceland,58,26
abidjan,nuuk,65,28
abidjan,qaqortoq,70,33
abidjan,milton-nl,74,32
abidjan,maniitsoq,66,29
abidjan,sisimiut,68,30
abidjan,aasiaat,72,32
abidjan,faroe-islands,64,33
lome,las-toninas,49,17
lome,punta-del-este,46,16
lome,praia-grande,41,14
lome,fortaleza,29,11
lome,myrtle-beach,73,27
lome,virginia-beach,51,20
lome,bellport,37,10
lome,bilbao,57,34
lome,bude,15,4
lome,sines,11,2
lome,carcavelos,12,2
lome,marseille,14,7
lome,accra,2,2
lome,lagos,3,3
lome,yzerfontein,13,3
lome,maputo,21,10
lome,mombasa,27,11
lome,djibouti,35,16
lome,jeddah,28,14
lome,mumbai,42,12
lome,singapore,54,21
lome,perth,75,40
lome,sydney,81,45
lome,auckland,84,51
lome,los-angeles,99,67
lome,chiba,77,44
lome,dakar,7,4
lome,gran-canaria,9,3
lome,abidjan,4,2
lome,libreville,6,5
lome,pointe-noire,5,4
lome,luanda,8,4
lome,swakopmund,10,2
lome,gqeberha,18,5
lome,amanzimtoti,19,10
lome,dar-es-salaam,26,11
lome,moroni,25,11
lome,mahajanga,34,16
lome,nacala,31,15
lome,carana,33,12
lome,mogadishu,32,13
lome,berbera,38,18
lome,port-sudan,30,20
lome,suez,24,14
lome,port-said,23,16
lome,tympaki,22,13
lome,barcelona,17,9
lome,genoa,16,8
lome,salalah,40,26
lome,barka,43,28
lome,abu-dhabi,44,37
lome,doha,45,38
lome,manama,47,39
lome,al-faw,48,36
lome,karachi,39,18
lome,catania,20,8
lome,matara,50,32
lome,kuakata,55,40
lome,ngwe-saung,59,43
lome,melaka,56,32
lome,medan,53,25
lome,fujairah,36,15
lome,hong-kong,67,42
lome,shantou,71,43
lome,batangas,69,42
lome,sriracha,62,44
lome,quy-nhon,63,38
lome,vung-tau,60,36
lome,brunei,61,31
lome,davao,80,59
lome,guam,76,34
lome,yap,78,53
lome,palau,79,57
lome,makaha,91,50
lome,kauditan,82,62
lome,port-moresby,85,65
lome,honiara,86,63
lome,auki,87,65
lome,noro,88,65
lome,taro,90,66
lome,nukunonu,94,66
lome,mangawhai,83,51
lome,pago-pago,93,59
lome,neiafu,95,70
lome,suva,89,56
lome,apia,92,61
lome,rarotonga,96,65
lome,aitutaki,97,70
lome,alofi,100,83
lome,tahiti,98,68
lome,ireland-west,52,25
lome,iceland,58,26
lome,nuuk,65,28
lome,qaqortoq,70,34
lome,milton-nl,74,32
lome,maniitsoq,66,29
lome,sisimiut,68,30
lome,aasiaat,72,33
lome,faroe-islands,64,35
libreville,las-toninas,50,20
libreville,punta-del-este,49,19
libreville,praia-grande,47,18
libreville,fortaleza,37,14
libreville,myrtle-beach,74,31
libreville,virginia-beach,56,21
libreville,bellport,41,13
libreville,bilbao,58,45
libreville,bude,18,8
libreville,sines,16,6
libreville,carcavelos,15,4
libreville,marseille,17,9
libreville,accra,5,3
libreville,lagos,7,3
libreville,yzerfontein,10,3
libreville,maputo,14,6
libreville,mombasa,23,11
libreville,djibouti,31,12
libreville,jeddah,35,19
libreville,mumbai,45,22
libreville,singapore,52,25
libreville,perth,73,32
libreville,sydney,81,40
libreville,auckland,84,47
libreville,los-angeles,99,66
libreville,chiba,77,47
libreville,dakar,9,3
libreville,gran-canaria,12,4
libreville,abidjan,4,2
libreville,lome,6,3
libreville,pointe-noire,2,2
libreville,luanda,3,3
libreville,swakopmund,8,3
libreville,gqeberha,11,6
libreville,amanzimtoti,13,7
libreville,dar-es-salaam,22,11
libreville,moroni,19,11
libreville,mahajanga,29,16
libreville,nacala,25,15
libreville,carana,27,12
libreville,mogadishu,26,12
libreville,berbera,30,13
libreville,port-sudan,34,20
libreville,suez,33,15
libreville,port-said,32,17
libreville,tympaki,28,15
libreville,barcelona,21,13
libreville,genoa,20,10
libreville,salalah,36,20
libreville,barka,38,21
libreville,abu-dhabi,40,32
libreville,doha,42,36
libreville,manama,44,38
libreville,al-faw,46,40
libreville,karachi,43,21
libreville,catania,24,13
libreville,matara,48,28
libreville,kuakata,55,45
libreville,ngwe-saung,57,46
libreville,melaka,53,26
libreville,medan,51,26
libreville,fujairah,39,29
libreville,hong-kong,65,47
libreville,shantou,67,48
libreville,batangas,66,49
libreville,sriracha,61,47
libreville,quy-nhon,62,44
libreville,vung-tau,59,41
libreville,brunei,60,30
libreville,davao,80,59
libreville,guam,76,41
libreville,yap,78,55
libreville,palau,79,60
libreville,makaha,91,53
libreville,kauditan,82,62
libreville,port-moresby,85,64
libreville,honiara,86,64
libreville,auki,87,65
libreville,noro,88,65
libreville,taro,90,66
libreville,nukunonu,94,69
libreville,mangawhai,83,46
libreville,pago-pago,93,61
libreville,neiafu,95,72
libreville,suva,89,60
libreville,apia,92,62
libreville,rarotonga,96,67
libreville,aitutaki,97,74
libreville,alofi,100,82
libreville,tahiti,98,71
libreville,ireland-west,54,34
libreville,iceland,63,35
libreville,nuuk,68,37
libreville,qaqortoq,71,44
libreville,milton-nl,75,42
libreville,maniitsoq,69,40
libreville,sisimiut,70,42
libreville,aasiaat,72,49
libreville,faroe-islands,64,47
pointe-noire,las-toninas,50,19
pointe-noire,punta-del-este,49,18
pointe-noire,praia-grande,47,17
pointe-noire,fortaleza,37,13
pointe-noire,myrtle-beach,74,32
pointe-noire,virginia-beach,55,21
pointe-noire,bellport,41,13
pointe-noire,bilbao,59,45
pointe-noire,bude,18,6
pointe-noire,sines,15,4
pointe-noire,carcavelos,16,5
pointe-noire,marseille,17,10
pointe-noire,accra,5,4
pointe-noire,lagos,4,2
pointe-noire,yzerfontein,9,2
pointe-noire,maputo,13,6
pointe-noire,mombasa,23,11
pointe-noire,djibouti,31,12
pointe-noire,jeddah,35,18
pointe-noire,mumbai,45,21
pointe-noire,singapore,52,24
pointe-noire,perth,73,31
pointe-noire,sydney,81,38
pointe-noire,auckland,84,45
pointe-noire,los-angeles,99,66
pointe-noire,chiba,77,47
pointe-noire,dakar,11,4
pointe-noire,gran-canaria,14,5
pointe-noire,abidjan,8,3
pointe-noire,lome,7,5
pointe-noire,libreville,3,2
pointe-noire,luanda,2,2
pointe-noire,swakopmund,6,2
pointe-noire,gqeberha,10,5
pointe-noire,amanzimtoti,12,6
pointe-noire,dar-es-salaam,22,10
pointe-noire,moroni,19,8
pointe-noire,mahajanga,28,16
pointe-noire,nacala,25,15
pointe-noire,carana,27,11
pointe-noire,mogadishu,26,12
pointe-noire,berbera,30,13
pointe-noire,port-sudan,34,18
pointe-noire,suez,33,14
pointe-noire,port-said,32,16
pointe-noire,tympaki,29,14
pointe-noire,barcelona,21,11
pointe-noire,genoa,20,11
pointe-noire,salalah,36,19
pointe-noire,barka,38,20
pointe-noire,abu-dhabi,39,27
pointe-noire,doha,42,36
pointe-noire,manama,44,38
pointe-noire,al-faw,46,39
pointe-noire,karachi,43,20
pointe-noire,catania,24,11
pointe-noire,matara,48,26
pointe-noire,kuakata,54,45
pointe-noire,ngwe-saung,57,46
pointe-noire,melaka,53,25
pointe-noire,medan,51,25
pointe-noire,fujairah,40,28
pointe-noire,hong-kong,65,47
pointe-noire,shantou,67,48
pointe-noire,batangas,66,49
pointe-noire,sriracha,61,47
pointe-noire,quy-nhon,62,44
pointe-noire,vung-tau,58,38
pointe-noire,brunei,60,26
pointe-noire,davao,80,59
pointe-noire,guam,76,41
pointe-noire,yap,78,55
pointe-noire,palau,79,60
pointe-noire,makaha,91,52
pointe-noire,kauditan,82,62
pointe-noire,port-moresby,85,64
pointe-noire,honiara,86,64
pointe-noire,auki,87,65
pointe-noire,noro,88,65
pointe-noire,taro,90,66
pointe-noire,nukunonu,94,69
pointe-noire,mangawhai,83,44
pointe-noire,pago-pago,93,61
pointe-noire,neiafu,95,72
pointe-noire,suva,89,60
pointe-noire,apia,92,62
pointe-noire,rarotonga,96,67
pointe-noire,aitutaki,97,74
pointe-noire,alofi,100,82
pointe-noire,tahiti,98,71
pointe-noire,ireland-west,56,34
pointe-noire,iceland,63,38
pointe-noire,nuuk,68,40
pointe-noire,qaqortoq,71,48
pointe-noire,milton-nl,75,43
pointe-noire,maniitsoq,69,41
pointe-noire,sisimiut,70,44
pointe-noire,aasiaat,72,49
pointe-noire,faroe-islands,64,48
luanda,las-toninas,50,19
luanda,punta-del-este,49,18
luanda,praia-grande,47,17
luanda,fortaleza,39,14
luanda,myrtle-beach,75,36
luanda,virginia-beach,58,22
luanda,bellport,46,13
luanda,bilbao,62,45
luanda,bude,21,7
luanda,sines,15,5
luanda,carcavelos,16,6
luanda,marseille,20,10
luanda,accra,6,5
luanda,lagos,5,2
luanda,yzerfontein,9,2
luanda,maputo,12,5
luanda,mombasa,19,8
luanda,djibouti,30,12
luanda,jeddah,33,15
luanda,mumbai,44,21
luanda,singapore,52,24
luanda,perth,68,29
luanda,sydney,81,33
luanda,auckland,84,36
luanda,los-angeles,99,66
luanda,chiba,76,47
luanda,dakar,13,5
luanda,gran-canaria,14,6
luanda,abidjan,8,4
luanda,lome,7,6
luanda,libreville,3,3
luanda,pointe-noire,2,2
luanda,swakopmund,4,2
luanda,gqeberha,10,4
luanda,amanzimtoti,11,6
luanda,dar-es-salaam,18,8
luanda,moroni,17,7
luanda,mahajanga,27,14
luanda,nacala,24,13
luanda,carana,26,8
luanda,mogadishu,25,11
luanda,berbera,29,13
luanda,port-sudan,32,16
luanda,suez,35,15
luanda,port-said,34,16
luanda,tympaki,31,14
luanda,barcelona,23,11
luanda,genoa,22,11
luanda,salalah,36,19
luanda,barka,37,20
luanda,abu-dhabi,38,22
luanda,doha,40,26
luanda,manama,43,30
luanda,al-faw,45,39
luanda,karachi,41,20
luanda,catania,28,11
luanda,matara,48,26
luanda,kuakata,54,45
luanda,ngwe-saung,55,46
luanda,melaka,53,25
luanda,medan,51,25
luanda,fujairah,42,24
luanda,hong-kong,63,47
luanda,shantou,66,48
luanda,batangas,65,43
luanda,sriracha,59,47
luanda,quy-nhon,61,36
luanda,vung-tau,56,28
luanda,brunei,57,26
luanda,davao,80,59
luanda,guam,72,36
luanda,yap,78,55
luanda,palau,79,60
luanda,makaha,91,51
luanda,kauditan,82,62
luanda,port-moresby,85,64
luanda,honiara,86,63
luanda,auki,87,64
luanda,noro,88,64
luanda,taro,90,66
luanda,nukunonu,94,68
luanda,mangawhai,83,35
luanda,pago-pago,93,61
luanda,neiafu,95,72
luanda,suva,89,56
luanda,apia,92,62
luanda,rarotonga,96,67
luanda,aitutaki,97,74
luanda,alofi,100,82
luanda,tahiti,98,70
luanda,ireland-west,60,37
luanda,iceland,64,45
luanda,nuuk,69,47
luanda,qaqortoq,73,50
luanda,milton-nl,77,48
luanda,maniitsoq,70,48
luanda,sisimiut,71,50
luanda,aasiaat,74,51
luanda,faroe-islands,67,48
swakopmund,las-toninas,59,24
swakopmund,punta-del-este,58,23
swakopmund,praia-grande,52,21
swakopmund,fortaleza,46,16
swakopmund,myrtle-beach,81,47
swakopmund,virginia-beach,64,27
swakopmund,bellport,47,15
swakopmund,bilbao,67,47
swakopmund,bude,30,9
swakopmund,sines,23,3
swakopmund,carcavelos,25,4
swakopmund,marseille,29,11
swakopmund,accra,11,3
swakopmund,lagos,9,2
swakopmund,yzerfontein,2,2
swakopmund,maputo,8,3
swakopmund,mombasa,15,6
swakopmund,djibouti,24,8
swakopmund,jeddah,27,14
swakopmund,mumbai,43,17
swakopmund,singapore,49,20
swakopmund,perth,63,28
swakopmund,sydney,75,32
swakopmund,auckland,84,35
swakopmund,los-angeles,99,65
swakopmund,chiba,68,44
swakopmund,dakar,16,6
swakopmund,gran-canaria,21,5
swakopmund,abidjan,12,4
swakopmund,lome,10,2
swakopmund,libreville,7,3
swakopmund,pointe-noire,5,2
swakopmund,luanda,3,2
swakopmund,gqeberha,4,3
swakopmund,amanzimtoti,6,4
swakopmund,dar-es-salaam,14,6
swakopmund,moroni,13,4
swakopmund,mahajanga,20,11
swakopmund,nacala,17,10
swakopmund,carana,19,6
swakopmund,mogadishu,18,7
swakopmund,berbera,22,9
swakopmund,port-sudan,26,15
swakopmund,suez,34,17
swakopmund,port-said,36,16
swakopmund,tympaki,42,23
swakopmund,barcelona,32,13
swakopmund,genoa,31,12
swakopmund,salalah,28,15
swakopmund,barka,33,16
swakopmund,abu-dhabi,37,20
swakopmund,doha,38,24
swakopmund,manama,41,25
swakopmund,al-faw,44,27
swakopmund,karachi,39,16
swakopmund,catania,35,13
swakopmund,matara,45,25
swakopmund,kuakata,51,33
swakopmund,ngwe-saung,53,34
swakopmund,melaka,50,22
swakopmund,medan,48,22
swakopmund,fujairah,40,23
swakopmund,hong-kong,60,35
swakopmund,shantou,62,36
swakopmund,batangas,61,36
swakopmund,sriracha,56,35
swakopmund,quy-nhon,57,31
swakopmund,vung-tau,54,27
swakopmund,brunei,55,22
swakopmund,davao,73,59
swakopmund,guam,66,26
swakopmund,yap,69,43
swakopmund,palau,71,50
swakopmund,makaha,91,49
swakopmund,kauditan,78,62
swakopmund,port-moresby,85,64
swakopmund,honiara,86,58
swakopmund,auki,87,60
swakopmund,noro,88,63
swakopmund,taro,90,65
swakopmund,nukunonu,94,62
swakopmund,mangawhai,83,34
swakopmund,pago-pago,93,53
swakopmund,neiafu,95,65
swakopmund,suva,89,44
swakopmund,apia,92,54
swakopmund,rarotonga,96,62
swakopmund,aitutaki,97,70
swakopmund,alofi,100,81
swakopmund,tahiti,98,68
swakopmund,ireland-west,65,46
swakopmund,iceland,70,47
swakopmund,nuuk,74,49
swakopmund,qaqortoq,79,51
swakopmund,milton-nl,82,50
swakopmund,maniitsoq,76,50
swakopmund,sisimiut,77,51
swakopmund,aasiaat,80,52
swakopmund,faroe-islands,72,49
gqeberha,las-toninas,67,30
gqeberha,punta-del-este,65,29
gqeberha,praia-grande,61,27
gqeberha,fortaleza,55,22
gqeberha,myrtle-beach,92,49
gqeberha,virginia-beach,71,46
gqeberha,bellport,59,19
gqeberha,bilbao,73,48
gqeberha,bude,43,13
gqeberha,sines,38,3
gqeberha,carcavelos,39,5
gqeberha,marseille,42,18
gqeberha,accra,20,5
gqeberha,lagos,16,3
gqeberha,yzerfontein,3,2
gqeberha,maputo,4,3
gqeberha,mombasa,9,4
gqeberha,djibouti,19,5
gqeberha,jeddah,23,7
gqeberha,mumbai,36,12
gqeberha,singapore,47,17
gqeberha,perth,60,24
gqeberha,sydney,69,28
gqeberha,auckland,76,32
gqeberha,los-angeles,99,52
gqeberha,chiba,63,32
gqeberha,dakar,27,9
gqeberha,gran-canaria,34,7
gqeberha,abidjan,21,7
gqeberha,lome,18,4
gqeberha,libreville,12,5
gqeberha,pointe-noire,10,3
gqeberha,luanda,8,3
gqeberha,swakopmund,5,3
gqeberha,amanzimtoti,2,2
gqeberha,dar-es-salaam,7,4
gqeberha,moroni,6,4
gqeberha,mahajanga,15,8
gqeberha,nacala,11,7
gqeberha,carana,14,5
gqeberha,mogadishu,13,5
gqeberha,berbera,17,6
gqeberha,port-sudan,22,7
gqeberha,suez,26,8
gqeberha,port-said,28,7
gqeberha,tympaki,35,17
gqeberha,barcelona,44,29
gqeberha,genoa,41,21
gqeberha,salalah,24,10
gqeberha,barka,25,11
gqeberha,abu-dhabi,29,13
gqeberha,doha,30,17
gqeberha,manama,33,18
gqeberha,al-faw,37,20
gqeberha,karachi,31,11
gqeberha,catania,40,18
gqeberha,matara,45,19
gqeberha,kuakata,49,28
gqeberha,ngwe-saung,50,29
gqeberha,melaka,48,18
gqeberha,medan,46,18
gqeberha,fujairah,32,16
gqeberha,hong-kong,56,29
gqeberha,shantou,58,30
gqeberha,batangas,57,30
gqeberha,sriracha,53,30
gqeberha,quy-nhon,54,25
gqeberha,vung-tau,51,21
gqeberha,brunei,52,19
gqeberha,davao,68,49
gqeberha,guam,62,21
gqeberha,yap,64,38
gqeberha,palau,66,46
gqeberha,makaha,84,47
gqeberha,kauditan,70,52
gqeberha,port-moresby,77,54
gqeberha,honiara,79,49
gqeberha,auki,80,50
gqeberha,noro,81,53
gqeberha,taro,83,55
gqeberha,nukunonu,93,49
gqeberha,mangawhai,75,30
gqeberha,pago-pago,91,43
gqeberha,neiafu,95,56
gqeberha,suva,82,39
gqeberha,apia,90,41
gqeberha,rarotonga,96,53
gqeberha,aitutaki,97,60
gqeberha,alofi,100,72
gqeberha,tahiti,98,60
gqeberha,ireland-west,72,47
gqeberha,iceland,74,49
gqeberha,nuuk,85,51
gqeberha,qaqortoq,88,53
gqeberha,milton-nl,94,52
gqeberha,maniitsoq,86,52
gqeberha,sisimiut,87,53
gqeberha,aasiaat,89,55
gqeberha,faroe-islands,78,52
amanzimtoti,las-toninas,69,33
amanzimtoti,punta-del-este,67,32
amanzimtoti,praia-grande,64,30
amanzimtoti,fortaleza,58,27
amanzimtoti,myrtle-beach,94,49
amanzimtoti,virginia-beach,71,47
amanzimtoti,bellport,60,33
amanzimtoti,bilbao,76,49
amanzimtoti,bude,45,27
amanzimtoti,sines,39,6
amanzimtoti,carcavelos,41,8
amanzimtoti,marseille,42,11
amanzimtoti,accra,23,7
amanzimtoti,lagos,20,5
amanzimtoti,yzerfontein,4,3
amanzimtoti,maputo,2,2
amanzimtoti,mombasa,8,3
amanzimtoti,djibouti,16,4
amanzimtoti,jeddah,19,6
amanzimtoti,mumbai,34,11
amanzimtoti,singapore,47,16
amanzimtoti,perth,59,23
amanzimtoti,sydney,68,27
amanzimtoti,auckland,74,30
amanzimtoti,los-angeles,99,52
amanzimtoti,chiba,62,30
amanzimtoti,dakar,36,11
amanzimtoti,gran-canaria,38,9
amanzimtoti,abidjan,24,9
amanzimtoti,lome,21,6
amanzimtoti,libreville,17,7
amanzimtoti,pointe-noire,14,5
amanzimtoti,luanda,12,5
amanzimtoti,swakopmund,6,5
amanzimtoti,gqeberha,3,2
amanzimtoti,dar-es-salaam,7,3
amanzimtoti,moroni,5,3
amanzimtoti,mahajanga,13,7
amanzimtoti,nacala,9,6
amanzimtoti,carana,11,4
amanzimtoti,mogadishu,10,4
amanzimtoti,berbera,15,5
amanzimtoti,port-sudan,18,6
amanzimtoti,suez,26,7
amanzimtoti,port-said,27,6
amanzimtoti,tympaki,33,11
amanzimtoti,barcelona,44,25
amanzimtoti,genoa,40,13
amanzimtoti,salalah,22,9
amanzimtoti,barka,25,10
amanzimtoti,abu-dhabi,28,12
amanzimtoti,doha,29,15
amanzimtoti,manama,32,16
amanzimtoti,al-faw,35,18
amanzimtoti,karachi,30,10
amanzimtoti,catania,37,10
amanzimtoti,matara,43,18
amanzimtoti,kuakata,49,26
amanzimtoti,ngwe-saung,50,27
amanzimtoti,melaka,48,17
amanzimtoti,medan,46,17
amanzimtoti,fujairah,31,14
amanzimtoti,hong-kong,55,28
amanzimtoti,shantou,57,29
amanzimtoti,batangas,56,29
amanzimtoti,sriracha,53,28
amanzimtoti,quy-nhon,54,24
amanzimtoti,vung-tau,51,20
amanzimtoti,brunei,52,18
amanzimtoti,davao,66,46
amanzimtoti,guam,61,20
amanzimtoti,yap,63,36
amanzimtoti,palau,65,44
amanzimtoti,makaha,83,47
amanzimtoti,kauditan,70,50
amanzimtoti,port-moresby,75,51
amanzimtoti,honiara,77,49
amanzimtoti,auki,78,50
amanzimtoti,noro,79,51
amanzimtoti,taro,81,52
amanzimtoti,nukunonu,87,48
amanzimtoti,mangawhai,73,29
amanzimtoti,pago-pago,86,39
amanzimtoti,neiafu,89,52
amanzimtoti,suva,80,38
amanzimtoti,apia,85,40
amanzimtoti,rarotonga,95,50
amanzimtoti,aitutaki,96,57
amanzimtoti,alofi,100,68
amanzimtoti,tahiti,98,58
amanzimtoti,ireland-west,72,48
amanzimtoti,iceland,82,50
amanzimtoti,nuuk,88,53
amanzimtoti,qaqortoq,92,55
amanzimtoti,milton-nl,97,53
amanzimtoti,maniitsoq,90,54
amanzimtoti,sisimiut,91,60
amanzimtoti,aasiaat,93,63
amanzimtoti,faroe-islands,84,57
dar-es-salaam,las-toninas,89,48
dar-es-salaam,punta-del-este,87,47
dar-es-salaam,praia-grande,80,46
dar-es-salaam,fortaleza,67,45
dar-es-salaam,myrtle-beach,100,75
dar-es-salaam,virginia-beach,99,49
dar-es-salaam,bellport,59,19
dar-es-salaam,bilbao,74,48
dar-es-salaam,bude,40,15
dar-es-salaam,sines,57,34
dar-es-salaam,carcavelos,38,14
dar-es-salaam,marseille,33,7
dar-es-salaam,accra,41,18
dar-es-salaam,lagos,37,17
dar-es-salaam,yzerfontein,16,3
dar-es-salaam,maputo,9,2
dar-es-salaam,mombasa,2,2
dar-es-salaam,djibouti,8,2
dar-es-salaam,jeddah,13,4
dar-es-salaam,mumbai,27,7
dar-es-salaam,singapore,44,12
dar-es-salaam,perth,58,20
dar-es-salaam,sydney,65,24
dar-es-salaam,auckland,69,27
dar-es-salaam,los-angeles,97,50
dar-es-salaam,chiba,61,25
dar-es-salaam,dakar,53,26
dar-es-salaam,gran-canaria,47,18
dar-es-salaam,abidjan,43,21
dar-es-salaam,lome,39,17
dar-es-salaam,libreville,36,18
dar-es-salaam,pointe-noire,32,15
dar-es-salaam,luanda,30,13
dar-es-salaam,swakopmund,25,10
dar-es-salaam,gqeberha,14,4
dar-es-salaam,amanzimtoti,11,3
dar-es-salaam,moroni,3,2
dar-es-salaam,mahajanga,6,4
dar-es-salaam,nacala,4,2
dar-es-salaam,carana,10,4
dar-es-salaam,mogadishu,5,2
dar-es-salaam,berbera,7,3
dar-es-salaam,port-sudan,12,4
dar-es-salaam,suez,18,5
dar-es-salaam,port-said,19,4
dar-es-salaam,tympaki,26,8
dar-es-salaam,barcelona,35,13
dar-es-salaam,genoa,31,9
dar-es-salaam,salalah,15,6
dar-es-salaam,barka,17,7
dar-es-salaam,abu-dhabi,20,8
dar-es-salaam,doha,21,12
dar-es-salaam,manama,24,13
dar-es-salaam,al-faw,28,14
dar-es-salaam,karachi,22,6
dar-es-salaam,catania,29,6
dar-es-salaam,matara,34,14
dar-es-salaam,kuakata,46,21
dar-es-salaam,ngwe-saung,48,22
dar-es-salaam,melaka,45,13
dar-es-salaam,medan,42,13
dar-es-salaam,fujairah,23,11
dar-es-salaam,hong-kong,54,23
dar-es-salaam,shantou,56,24
dar-es-salaam,batangas,55,25
dar-es-salaam,sriracha,51,23
dar-es-salaam,quy-nhon,52,20
dar-es-salaam,vung-tau,49,16
dar-es-salaam,brunei,50,14
dar-es-salaam,davao,64,42
dar-es-salaam,guam,60,16
dar-es-salaam,yap,62,32
dar-es-salaam,palau,63,40
dar-es-salaam,makaha,78,30
dar-es-salaam,kauditan,66,45
dar-es-salaam,port-moresby,71,48
dar-es-salaam,honiara,72,45
dar-es-salaam,auki,73,46
dar-es-salaam,noro,75,47
dar-es-salaam,taro,77,49
dar-es-salaam,nukunonu,84,45
dar-es-salaam,mangawhai,68,26
dar-es-salaam,pago-pago,83,36
dar-es-salaam,neiafu,85,49
dar-es-salaam,suva,76,35
dar-es-salaam,apia,82,37
dar-es-salaam,rarotonga,93,42
dar-es-salaam,aitutaki,94,49
dar-es-salaam,alofi,98,61
dar-es-salaam,tahiti,96,48
dar-es-salaam,ireland-west,70,48
dar-es-salaam,iceland,79,51
dar-es-salaam,nuuk,86,52
dar-es-salaam,qaqortoq,91,57
dar-es-salaam,milton-nl,95,52
dar-es-salaam,maniitsoq,88,57
dar-es-salaam,sisimiut,90,60
dar-es-salaam,aasiaat,92,62
dar-es-salaam,faroe-islands,81,57
moroni,las-toninas,85,48
moroni,punta-del-este,83,47
moroni,praia-grande,73,46
moroni,fortaleza,67,44
moroni,myrtle-beach,100,73
moroni,virginia-beach,96,49
moroni,bellport,59,18
moroni,bilbao,75,48
moroni,bude,42,16
moroni,sines,54,33
moroni,carcavelos,41,14
moroni,marseille,34,9
moroni,accra,39,18
moroni,lagos,37,16
moroni,yzerfontein,13,3
moroni,maputo,7,2
moroni,mombasa,3,2
moroni,djibouti,11,2
moroni,jeddah,15,3
moroni,mumbai,27,9
moroni,singapore,44,12
moroni,perth,58,20
moroni,sydney,65,24
moroni,auckland,69,27
moroni,los-angeles,98,50
moroni,chiba,61,26
moroni,dakar,48,25
moroni,gran-canaria,47,19
moroni,abidjan,40,20
moroni,lome,38,17
moroni,libreville,32,17
moroni,pointe-noire,31,14
moroni,luanda,29,12
moroni,swakopmund,18,9
moroni,gqeberha,12,4
moroni,amanzimtoti,9,3
moroni,dar-es-salaam,2,2
moroni,mahajanga,8,4
moroni,nacala,6,3
moroni,carana,5,2
moroni,mogadishu,4,2
moroni,berbera,10,3
moroni,port-sudan,14,5
moroni,suez,19,6
moroni,port-said,20,5
moroni,tympaki,26,10
moroni,barcelona,36,14
moroni,genoa,33,11
moroni,salalah,16,7
moroni,barka,17,9
moroni,abu-dhabi,21,10
moroni,doha,22,13
moroni,manama,25,14
moroni,al-faw,28,15
moroni,karachi,23,8
moroni,catania,30,8
moroni,matara,35,14
moroni,kuakata,46,21
moroni,ngwe-saung,49,23
moroni,melaka,45,13
moroni,medan,43,13
moroni,fujairah,24,12
moroni,hong-kong,55,24
moroni,shantou,57,25
moroni,batangas,56,26
moroni,sriracha,52,24
moroni,quy-nhon,53,20
moroni,vung-tau,50,16
moroni,brunei,51,14
moroni,davao,64,42
moroni,guam,60,16
moroni,yap,62,33
moroni,palau,63,41
moroni,makaha,79,30
moroni,kauditan,66,46
moroni,port-moresby,71,48
moroni,honiara,72,46
moroni,auki,74,47
moroni,noro,76,48
moroni,taro,78,49
moroni,nukunonu,86,46
moroni,mangawhai,68,26
moroni,pago-pago,84,37
moroni,neiafu,87,49
moroni,suva,77,36
moroni,apia,82,38
moroni,rarotonga,93,42
moroni,aitutaki,94,49
moroni,alofi,99,62
moroni,tahiti,97,49
moroni,ireland-west,70,48
moroni,iceland,80,51
moroni,nuuk,88,52
moroni,qaqortoq,91,57
moroni,milton-nl,95,53
moroni,maniitsoq,89,57
moroni,sisimiut,90,60
moroni,aasiaat,92,62
moroni,faroe-islands,81,57
mahajanga,las-toninas,89,48
mahajanga,punta-del-este,87,47
mahajanga,praia-grande,80,46
mahajanga,fortaleza,67,45
mahajanga,myrtle-beach,100,75
mahajanga,virginia-beach,99,49
mahajanga,bellport,59,21
mahajanga,bilbao,74,48
mahajanga,bude,40,18
mahajanga,sines,57,34
mahajanga,carcavelos,38,17
mahajanga,marseille,33,9
mahajanga,accra,41,18
mahajanga,lagos,37,17
mahajanga,yzerfontein,16,5
mahajanga,maputo,10,4
mahajanga,mombasa,5,4
mahajanga,djibouti,9,4
mahajanga,jeddah,13,6
mahajanga,mumbai,27,10
mahajanga,singapore,44,12
mahajanga,perth,58,20
mahajanga,sydney,65,24
mahajanga,auckland,69,27
mahajanga,los-angeles,97,50
mahajanga,chiba,61,25
mahajanga,dakar,53,26
mahajanga,gran-canaria,47,19
mahajanga,abidjan,43,21
mahajanga,lome,39,17
mahajanga,libreville,36,18
mahajanga,pointe-noire,32,15
mahajanga,luanda,30,14
mahajanga,swakopmund,25,11
mahajanga,gqeberha,14,6
mahajanga,amanzimtoti,11,5
mahajanga,dar-es-salaam,3,3
mahajanga,moroni,6,4
mahajanga,nacala,2,2
mahajanga,carana,4,2
mahajanga,mogadishu,7,4
mahajanga,berbera,8,5
mahajanga,port-sudan,12,6
mahajanga,suez,18,7
mahajanga,port-said,19,6
mahajanga,tympaki,26,10
mahajanga,barcelona,35,16
mahajanga,genoa,31,11
mahajanga,salalah,15,9
mahajanga,barka,17,10
mahajanga,abu-dhabi,20,11
mahajanga,doha,21,15
mahajanga,manama,24,16
mahajanga,al-faw,28,17
mahajanga,karachi,22,9
mahajanga,catania,29,8
mahajanga,matara,34,14
mahajanga,kuakata,46,21
mahajanga,ngwe-saung,48,22
mahajanga,melaka,45,13
mahajanga,medan,42,13
mahajanga,fujairah,23,14
mahajanga,hong-kong,54,23
mahajanga,shantou,56,24
mahajanga,batangas,55,25
mahajanga,sriracha,51,23
mahajanga,quy-nhon,52,20
mahajanga,vung-tau,49,16
mahajanga,brunei,50,14
mahajanga,davao,64,42
mahajanga,guam,60,16
mahajanga,yap,62,32
mahajanga,palau,63,40
mahajanga,makaha,78,30
mahajanga,kauditan,66,45
mahajanga,port-moresby,71,48
mahajanga,honiara,72,45
mahajanga,auki,73,46
mahajanga,noro,75,47
mahajanga,taro,77,49
mahajanga,nukunonu,84,45
mahajanga,mangawhai,68,26
mahajanga,pago-pago,83,36
mahajanga,neiafu,85,49
mahajanga,suva,76,35
mahajanga,apia,82,37
mahajanga,rarotonga,93,42
mahajanga,aitutaki,94,49
mahajanga,alofi,98,61
mahajanga,tahiti,96,48
mahajanga,ireland-west,70,48
mahajanga,iceland,79,51
mahajanga,nuuk,86,52
mahajanga,qaqortoq,91,57
mahajanga,milton-nl,95,52
mahajanga,maniitsoq,88,57
mahajanga,sisimiut,90,60
mahajanga,aasiaat,92,62
mahajanga,faroe-islands,81,57
nacala,las-toninas,89,48
nacala,punta-del-este,87,47
nacala,praia-grande,80,46
nacala,fortaleza,67,45
nacala,myrtle-beach,100,75
nacala,virginia-beach,99,49
nacala,bellport,59,20
nacala,bilbao,74,48
nacala,bude,40,17
nacala,sines,57,34
nacala,carcavelos,38,16
nacala,marseille,33,8
nacala,accra,41,18
nacala,lagos,37,17
nacala,yzerfontein,16,5
nacala,maputo,10,4
nacala,mombasa,4,3
nacala,djibouti,9,3
nacala,jeddah,13,5
nacala,mumbai,27,10
nacala,singapore,44,12
nacala,perth,58,20
nacala,sydney,65,24
nacala,auckland,69,27
nacala,los-angeles,97,50
nacala,chiba,61,25
nacala,dakar,53,26
nacala,gran-canaria,47,19
nacala,abidjan,43,21
nacala,lome,39,17
nacala,libreville,36,18
nacala,pointe-noire,32,15
nacala,luanda,30,14
nacala,swakopmund,25,10
nacala,gqeberha,14,6
nacala,amanzimtoti,11,5
nacala,dar-es-salaam,3,2
nacala,moroni,5,4
nacala,mahajanga,2,2
nacala,carana,7,3
nacala,mogadishu,6,3
nacala,berbera,8,4
nacala,port-sudan,12,5
nacala,suez,18,6
nacala,port-said,19,5
nacala,tympaki,26,9
nacala,barcelona,35,15
nacala,genoa,31,10
nacala,salalah,15,7
nacala,barka,17,8
nacala,abu-dhabi,20,11
nacala,doha,21,15
nacala,manama,24,16
nacala,al-faw,28,17
nacala,karachi,22,9
nacala,catania,29,7
nacala,matara,34,14
nacala,kuakata,46,21
nacala,ngwe-saung,48,22
nacala,melaka,45,13
nacala,medan,42,13
nacala,fujairah,23,14
nacala,hong-kong,54,23
nacala,shantou,56,24
nacala,batangas,55,25
nacala,sriracha,51,23
nacala,quy-nhon,52,20
nacala,vung-tau,49,16
nacala,brunei,50,14
nacala,davao,64,42
nacala,guam,60,16
nacala,yap,62,32
nacala,palau,63,40
nacala,makaha,78,30
nacala,kauditan,66,45
nacala,port-moresby,71,48
nacala,honiara,72,45
nacala,auki,73,46
nacala,noro,75,47
nacala,taro,77,49
nacala,nukunonu,84,45
nacala,mangawhai,68,26
nacala,pago-pago,83,36
nacala,neiafu,85,49
nacala,suva,76,35
nacala,apia,82,37
nacala,rarotonga,93,42
nacala,aitutaki,94,49
nacala,alofi,98,61
nacala,tahiti,96,48
nacala,ireland-west,70,48
nacala,iceland,79,51
nacala,nuuk,86,52
nacala,qaqortoq,91,57
nacala,milton-nl,95,52
nacala,maniitsoq,88,57
nacala,sisimiut,90,60
nacala,aasiaat,92,62
nacala,faroe-islands,81,57
carana,las-toninas,85,48
carana,punta-del-este,83,47
carana,praia-grande,73,46
carana,fortaleza,67,44
carana,myrtle-beach,100,73
carana,virginia-beach,96,49
carana,bellport,59,21
carana,bilbao,75,48
carana,bude,42,19
carana,sines,54,33
carana,carcavelos,41,17
carana,marseille,34,10
carana,accra,39,18
carana,lagos,37,16
carana,yzerfontein,13,5
carana,maputo,8,4
carana,mombasa,6,3
carana,djibouti,11,3
carana,jeddah,15,4
carana,mumbai,27,11
carana,singapore,44,12
carana,perth,58,20
carana,sydney,65,24
carana,auckland,69,27
carana,los-angeles,98,50
carana,chiba,61,26
carana,dakar,48,25
carana,gran-canaria,47,20
carana,abidjan,40,20
carana,lome,38,17
carana,libreville,32,17
carana,pointe-noire,31,14
carana,luanda,29,12
carana,swakopmund,18,11
carana,gqeberha,12,6
carana,amanzimtoti,9,5
carana,dar-es-salaam,5,3
carana,moroni,2,2
carana,mahajanga,3,2
carana,nacala,4,4
carana,mogadishu,7,3
carana,berbera,10,4
carana,port-sudan,14,6
carana,suez,19,7
carana,port-said,20,6
carana,tympaki,26,11
carana,barcelona,36,17
carana,genoa,33,12
carana,salalah,16,9
carana,barka,17,10
carana,abu-dhabi,21,11
carana,doha,22,15
carana,manama,25,16
carana,al-faw,28,17
carana,karachi,23,9
carana,catania,30,9
carana,matara,35,14
carana,kuakata,46,21
carana,ngwe-saung,49,23
carana,melaka,45,13
carana,medan,43,13
carana,fujairah,24,14
carana,hong-kong,55,24
carana,shantou,57,25
carana,batangas,56,26
carana,sriracha,52,24
carana,quy-nhon,53,20
carana,vung-tau,50,16
carana,brunei,51,14
carana,davao,64,42
carana,guam,60,16
carana,yap,62,33
carana,palau,63,41
carana,makaha,79,30
carana,kauditan,66,46
carana,port-moresby,71,48
carana,honiara,72,46
carana,auki,74,47
carana,noro,76,48
carana,taro,78,49
carana,nukunonu,86,46
carana,mangawhai,68,26
carana,pago-pago,84,37
carana,neiafu,87,49
carana,suva,77,36
carana,apia,82,38
carana,rarotonga,93,42
carana,aitutaki,94,49
carana,alofi,99,62
carana,tahiti,97,49
carana,ireland-west,70,48
carana,iceland,80,51
carana,nuuk,88,52
carana,qaqortoq,91,57
carana,milton-nl,95,53
carana,maniitsoq,89,57
carana,sisimiut,90,60
carana,aasiaat,92,62
carana,faroe-islands,81,57
mogadishu,las-toninas,98,50
mogadishu,punta-del-este,97,49
mogadishu,praia-grande,91,48
mogadishu,fortaleza,77,45
mogadishu,myrtle-beach,100,78
mogadishu,virginia-beach,99,65
mogadishu,bellport,58,15
mogadishu,bilbao,73,48
mogadishu,bude,35,13
mogadishu,sines,60,36
mogadishu,carcavelos,34,11
mogadishu,marseille,30,7
mogadishu,accra,51,27
mogadishu,lagos,48,25
mogadishu,yzerfontein,27,6
mogadishu,maputo,15,3
mogadishu,mombasa,2,2
mogadishu,djibouti,4,2
mogadishu,jeddah,9,3
mogadishu,mumbai,24,5
mogadishu,singapore,39,7
mogadishu,perth,57,18
mogadishu,sydney,65,23
mogadishu,auckland,68,26
mogadishu,los-angeles,95,49
mogadishu,chiba,61,23
mogadishu,dakar,52,19
mogadishu,gran-canaria,42,15
mogadishu,abidjan,53,29
mogadishu,lome,49,26
mogadishu,libreville,43,22
mogadishu,pointe-noire,38,19
mogadishu,luanda,36,17
mogadishu,swakopmund,31,13
mogadishu,gqeberha,26,6
mogadishu,amanzimtoti,19,4
mogadishu,dar-es-salaam,5,2
mogadishu,moroni,6,2
mogadishu,mahajanga,11,6
mogadishu,nacala,7,4
mogadishu,carana,12,6
mogadishu,berbera,3,2
mogadishu,port-sudan,8,3
mogadishu,suez,14,4
mogadishu,port-said,16,3
mogadishu,tympaki,23,8
mogadishu,barcelona,33,11
mogadishu,genoa,29,9
mogadishu,salalah,10,4
mogadishu,barka,13,5
mogadishu,abu-dhabi,17,6
mogadishu,doha,18,9
mogadishu,manama,22,10
mogadishu,al-faw,25,11
mogadishu,karachi,20,4
mogadishu,catania,28,6
mogadishu,matara,32,12
mogadishu,kuakata,41,19
mogadishu,ngwe-saung,44,22
mogadishu,melaka,40,11
mogadishu,medan,37,11
mogadishu,fujairah,21,8
mogadishu,hong-kong,54,21
mogadishu,shantou,56,22
mogadishu,batangas,55,23
mogadishu,sriracha,47,23
mogadishu,quy-nhon,50,18
mogadishu,vung-tau,45,14
mogadishu,brunei,46,9
mogadishu,davao,64,40
mogadishu,guam,59,11
mogadishu,yap,62,31
mogadishu,palau,63,38
mogadishu,makaha,78,28
mogadishu,kauditan,66,44
mogadishu,port-moresby,70,47
mogadishu,honiara,71,44
mogadishu,auki,72,45
mogadishu,noro,74,46
mogadishu,taro,76,48
mogadishu,nukunonu,83,44
mogadishu,mangawhai,67,25
mogadishu,pago-pago,82,36
mogadishu,neiafu,84,48
mogadishu,suva,75,34
mogadishu,apia,81,37
mogadishu,rarotonga,90,42
mogadishu,aitutaki,92,49
mogadishu,alofi,96,60
mogadishu,tahiti,94,47
mogadishu,ireland-west,69,48
mogadishu,iceland,79,51
mogadishu,nuuk,85,52
mogadishu,qaqortoq,88,57
mogadishu,milton-nl,93,52
mogadishu,maniitsoq,86,57
mogadishu,sisimiut,87,60
mogadishu,aasiaat,89,62
mogadishu,faroe-islands,80,57
berbera,las-toninas,99,54
berbera,punta-del-este,97,52
berbera,praia-grande,96,48
berbera,fortaleza,84,47
berbera,myrtle-beach,100,79
berbera,virginia-beach,98,65
berbera,bellport,58,14
berbera,bilbao,73,48
berbera,bude,34,12
berbera,sines,63,36
berbera,carcavelos,33,10
berbera,marseille,28,6
berbera,accra,54,29
berbera,lagos,55,31
berbera,yzerfontein,32,6
berbera,maputo,24,3
berbera,mombasa,7,2
berbera,djibouti,2,2
berbera,jeddah,5,3
berbera,mumbai,21,4
berbera,singapore,37,6
berbera,perth,57,16
berbera,sydney,65,20
berbera,auckland,68,24
berbera,los-angeles,94,38
berbera,chiba,60,19
berbera,dakar,48,17
berbera,gran-canaria,40,13
berbera,abidjan,56,34
berbera,lome,53,30
berbera,libreville,49,29
berbera,pointe-noire,47,26
berbera,luanda,43,21
berbera,swakopmund,35,15
berbera,gqeberha,29,6
berbera,amanzimtoti,26,4
berbera,dar-es-salaam,8,3
berbera,moroni,10,3
berbera,mahajanga,20,8
berbera,nacala,14,6
berbera,carana,23,8
berbera,mogadishu,3,2
berbera,port-sudan,4,3
berbera,suez,11,4
berbera,port-said,12,3
berbera,tympaki,19,7
berbera,barcelona,31,10
berbera,genoa,27,8
berbera,salalah,6,3
berbera,barka,9,4
berbera,abu-dhabi,13,5
berbera,doha,15,8
berbera,manama,18,9
berbera,al-faw,22,10
berbera,karachi,16,3
berbera,catania,25,5
berbera,matara,30,8
berbera,kuakata,39,15
berbera,ngwe-saung,41,17
berbera,melaka,38,7
berbera,medan,36,7
berbera,fujairah,17,7
berbera,hong-kong,50,17
berbera,shantou,52,18
berbera,batangas,51,19
berbera,sriracha,45,18
berbera,quy-nhon,46,14
berbera,vung-tau,42,10
berbera,brunei,44,8
berbera,davao,64,38
berbera,guam,59,10
berbera,yap,61,26
berbera,palau,62,36
berbera,makaha,77,24
berbera,kauditan,66,42
berbera,port-moresby,70,45
berbera,honiara,71,42
berbera,auki,72,43
berbera,noro,74,45
berbera,taro,76,46
berbera,nukunonu,82,41
berbera,mangawhai,67,23
berbera,pago-pago,81,32
berbera,neiafu,83,47
berbera,suva,75,31
berbera,apia,80,33
berbera,rarotonga,90,41
berbera,aitutaki,91,48
berbera,alofi,95,59
berbera,tahiti,93,46
berbera,ireland-west,69,48
berbera,iceland,78,51
berbera,nuuk,85,52
berbera,qaqortoq,88,57
berbera,milton-nl,92,52
berbera,maniitsoq,86,57
berbera,sisimiut,87,60
berbera,aasiaat,89,62
berbera,faroe-islands,79,57
port-sudan,las-toninas,99,50
port-sudan,punta-del-este,97,49
port-sudan,praia-grande,92,48
port-sudan,fortaleza,80,46
port-sudan,myrtle-beach,100,78
port-sudan,virginia-beach,98,57
port-sudan,bellport,57,12
port-sudan,bilbao,68,48
port-sudan,bude,31,10
port-sudan,sines,61,32
port-sudan,carcavelos,29,8
port-sudan,marseille,23,4
port-sudan,accra,48,20
port-sudan,lagos,49,21
port-sudan,yzerfontein,35,9
port-sudan,maputo,28,4
port-sudan,mombasa,11,3
port-sudan,djibouti,3,2
port-sudan,jeddah,2,2
port-sudan,mumbai,18,3
port-sudan,singapore,37,4
port-sudan,perth,58,16
port-sudan,sydney,65,19
port-sudan,auckland,70,22
port-sudan,los-angeles,95,40
port-sudan,chiba,60,22
port-sudan,dakar,41,13
port-sudan,gran-canaria,34,10
port-sudan,abidjan,50,22
port-sudan,lome,47,20
port-sudan,libreville,56,37
port-sudan,pointe-noire,52,31
port-sudan,luanda,51,25
port-sudan,swakopmund,40,17
port-sudan,gqeberha,33,7
port-sudan,amanzimtoti,32,5
port-sudan,dar-es-salaam,13,4
port-sudan,moroni,17,3
port-sudan,mahajanga,26,10
port-sudan,nacala,20,5
port-sudan,carana,27,10
port-sudan,mogadishu,8,3
port-sudan,berbera,4,3
port-sudan,suez,5,3
port-sudan,port-said,6,4
port-sudan,tympaki,9,5
port-sudan,barcelona,25,8
port-sudan,genoa,22,6
port-sudan,salalah,10,4
port-sudan,barka,15,6
port-sudan,abu-dhabi,16,8
port-sudan,doha,19,11
port-sudan,manama,21,12
port-sudan,al-faw,24,13
port-sudan,karachi,12,3
port-sudan,catania,14,3
port-sudan,matara,30,9
port-sudan,kuakata,38,15
port-sudan,ngwe-saung,42,17
port-sudan,melaka,39,10
port-sudan,medan,36,5
port-sudan,fujairah,7,3
port-sudan,hong-kong,53,19
port-sudan,shantou,55,20
port-sudan,batangas,54,17
port-sudan,sriracha,45,17
port-sudan,quy-nhon,46,13
port-sudan,vung-tau,43,13
port-sudan,brunei,44,7
port-sudan,davao,64,39
port-sudan,guam,59,13
port-sudan,yap,62,27
port-sudan,palau,63,32
port-sudan,makaha,79,27
port-sudan,kauditan,66,42
port-sudan,port-moresby,72,45
port-sudan,honiara,73,42
port-sudan,auki,75,43
port-sudan,noro,76,43
port-sudan,taro,78,45
port-sudan,nukunonu,88,38
port-sudan,mangawhai,69,22
port-sudan,pago-pago,87,30
port-sudan,neiafu,89,47
port-sudan,suva,77,28
port-sudan,apia,86,32
port-sudan,rarotonga,91,43
port-sudan,aitutaki,93,49
port-sudan,alofi,96,64
port-sudan,tahiti,94,53
port-sudan,ireland-west,67,40
port-sudan,iceland,71,42
port-sudan,nuuk,81,44
port-sudan,qaqortoq,84,52
port-sudan,milton-nl,90,50
port-sudan,maniitsoq,82,45
port-sudan,sisimiut,83,47
port-sudan,aasiaat,85,49
port-sudan,faroe-islands,74,47
suez,las-toninas,95,50
suez,punta-del-este,92,49
suez,praia-grande,87,47
suez,fortaleza,71,46
suez,myrtle-beach,100,76
suez,virginia-beach,94,55
suez,bellport,51,10
suez,bilbao,66,42
suez,bude,19,8
suez,sines,58,28
suez,carcavelos,17,6
suez,marseille,11,3
suez,accra,38,13
suez,lagos,39,13
suez,yzerfontein,42,11
suez,maputo,32,7
suez,mombasa,16,5
suez,djibouti,7,3
suez,jeddah,4,2
suez,mumbai,18,4
suez,singapore,41,4
suez,perth,59,14
suez,sydney,67,17
suez,auckland,75,19
suez,los-angeles,98,41
suez,chiba,61,21
suez,dakar,33,9
suez,gran-canaria,28,9
suez,abidjan,44,15
suez,lome,37,13
suez,libreville,53,25
suez,pointe-noire,50,21
suez,luanda,54,23
suez,swakopmund,49,20
suez,gqeberha,36,10
suez,amanzimtoti,34,8
suez,dar-es-salaam,20,6
suez,moroni,23,4
suez,mahajanga,29,12
suez,nacala,25,7
suez,carana,31,14
suez,mogadishu,13,4
suez,berbera,9,4
suez,port-sudan,5,3
suez,port-said,2,2
suez,tympaki,3,3
suez,barcelona,12,6
suez,genoa,10,4
suez,salalah,15,7
suez,barka,21,10
suez,abu-dhabi,22,12
suez,doha,24,13
suez,manama,26,14
suez,al-faw,27,12
suez,karachi,14,3
suez,catania,6,2
suez,matara,30,6
suez,kuakata,40,14
suez,ngwe-saung,45,15
suez,melaka,43,9
suez,medan,35,3
suez,fujairah,8,2
suez,hong-kong,55,17
suez,shantou,57,18
suez,batangas,56,19
suez,sriracha,48,16
suez,quy-nhon,52,15
suez,vung-tau,46,11
suez,brunei,47,8
suez,davao,65,41
suez,guam,60,12
suez,yap,62,26
suez,palau,63,31
suez,makaha,86,26
suez,kauditan,68,44
suez,port-moresby,79,46
suez,honiara,80,44
suez,auki,81,45
suez,noro,83,46
suez,taro,85,48
suez,nukunonu,90,38
suez,mangawhai,74,18
suez,pago-pago,89,30
suez,neiafu,91,45
suez,suva,84,25
suez,apia,88,32
suez,rarotonga,93,45
suez,aitutaki,96,50
suez,alofi,99,66
suez,tahiti,97,52
suez,ireland-west,64,36
suez,iceland,69,37
suez,nuuk,72,38
suez,qaqortoq,77,42
suez,milton-nl,82,43
suez,maniitsoq,73,40
suez,sisimiut,76,41
suez,aasiaat,78,44
suez,faroe-islands,70,42
port-said,las-toninas,94,50
port-said,punta-del-este,92,49
port-said,praia-grande,87,47
port-said,fortaleza,71,46
port-said,myrtle-beach,100,76
port-said,virginia-beach,93,55
port-said,bellport,48,10
port-said,bilbao,65,40
port-said,bude,18,8
port-said,sines,58,28
port-said,carcavelos,16,7
port-said,marseille,11,4
port-said,accra,38,13
port-said,lagos,39,13
port-said,yzerfontein,43,11
port-said,maputo,32,7
port-said,mombasa,17,5
port-said,djibouti,7,2
port-said,jeddah,4,3
port-said,mumbai,19,5
port-said,singapore,41,5
port-said,perth,59,14
port-said,sydney,67,18
port-said,auckland,76,19
port-said,los-angeles,98,41
port-said,chiba,61,21
port-said,dakar,33,9
port-said,gran-canaria,27,9
port-said,abidjan,42,15
port-said,lome,37,13
port-said,libreville,53,25
port-said,pointe-noire,47,21
port-said,luanda,54,23
port-said,swakopmund,51,20
port-said,gqeberha,36,10
port-said,amanzimtoti,34,8
port-said,dar-es-salaam,20,7
port-said,moroni,23,5
port-said,mahajanga,29,12
port-said,nacala,25,8
port-said,carana,31,14
port-said,mogadishu,13,4
port-said,berbera,10,5
port-said,port-sudan,5,4
port-said,suez,2,2
port-said,tympaki,3,2
port-said,barcelona,12,7
port-said,genoa,8,3
port-said,salalah,15,7
port-said,barka,21,10
port-said,abu-dhabi,22,12
port-said,doha,24,13
port-said,manama,26,14
port-said,al-faw,28,12
port-said,karachi,14,4
port-said,catania,6,4
port-said,matara,30,6
port-said,kuakata,40,14
port-said,ngwe-saung,45,15
port-said,melaka,44,9
port-said,medan,35,4
port-said,fujairah,9,3
port-said,hong-kong,55,17
port-said,shantou,57,18
port-said,batangas,56,19
port-said,sriracha,50,16
port-said,quy-nhon,52,15
port-said,vung-tau,46,11
port-said,brunei,49,8
port-said,davao,66,41
port-said,guam,60,12
port-said,yap,62,27
port-said,palau,63,32
port-said,makaha,86,26
port-said,kauditan,69,45
port-said,port-moresby,79,46
port-said,honiara,80,45
port-said,auki,81,46
port-said,noro,83,46
port-said,taro,85,48
port-said,nukunonu,90,38
port-said,mangawhai,75,19
port-said,pago-pago,89,30
port-said,neiafu,91,45
port-said,suva,84,25
port-said,apia,88,32
port-said,rarotonga,95,45
port-said,aitutaki,96,50
port-said,alofi,99,67
port-said,tahiti,97,52
port-said,ireland-west,64,36
port-said,iceland,68,37
port-said,nuuk,72,38
port-said,qaqortoq,77,42
port-said,milton-nl,82,42
port-said,maniitsoq,73,40
port-said,sisimiut,74,41
port-said,aasiaat,78,43
port-said,faroe-islands,70,42
tympaki,las-toninas,90,49
tympaki,punta-del-este,88,48
tympaki,praia-grande,80,46
tympaki,fortaleza,70,42
tympaki,myrtle-beach,100,72
tympaki,virginia-beach,89,47
tympaki,bellport,41,7
tympaki,bilbao,62,38
tympaki,bude,14,5
tympaki,sines,55,18
tympaki,carcavelos,11,4
tympaki,marseille,5,3
tympaki,accra,33,11
tympaki,lagos,34,11
tympaki,yzerfontein,47,12
tympaki,maputo,37,8
tympaki,mombasa,19,6
tympaki,djibouti,10,3
tympaki,jeddah,6,4
tympaki,mumbai,20,6
tympaki,singapore,44,6
tympaki,perth,59,15
tympaki,sydney,69,19
tympaki,auckland,79,20
tympaki,los-angeles,98,51
tympaki,chiba,63,23
tympaki,dakar,26,6
tympaki,gran-canaria,18,6
tympaki,abidjan,36,13
tympaki,lome,32,11
tympaki,libreville,45,22
tympaki,pointe-noire,40,17
tympaki,luanda,46,18
tympaki,swakopmund,53,23
tympaki,gqeberha,42,11
tympaki,amanzimtoti,38,9
tympaki,dar-es-salaam,21,8
tympaki,moroni,24,6
tympaki,mahajanga,30,13
tympaki,nacala,27,9
tympaki,carana,35,14
tympaki,mogadishu,15,5
tympaki,berbera,13,6
tympaki,port-sudan,8,5
tympaki,suez,3,3
tympaki,port-said,2,2
tympaki,barcelona,7,4
tympaki,genoa,4,2
tympaki,salalah,17,8
tympaki,barka,22,10
tympaki,abu-dhabi,23,12
tympaki,doha,25,14
tympaki,manama,28,15
tympaki,al-faw,29,14
tympaki,karachi,16,5
tympaki,catania,9,5
tympaki,matara,31,7
tympaki,kuakata,43,14
tympaki,ngwe-saung,49,15
tympaki,melaka,48,10
tympaki,medan,39,5
tympaki,fujairah,12,4
tympaki,hong-kong,56,18
tympaki,shantou,58,20
tympaki,batangas,57,19
tympaki,sriracha,52,16
tympaki,quy-nhon,54,15
tympaki,vung-tau,50,12
tympaki,brunei,51,9
tympaki,davao,68,43
tympaki,guam,61,12
tympaki,yap,64,29
tympaki,palau,66,34
tympaki,makaha,87,26
tympaki,kauditan,73,46
tympaki,port-moresby,81,48
tympaki,honiara,82,47
tympaki,auki,83,48
tympaki,noro,84,48
tympaki,taro,86,50
tympaki,nukunonu,93,40
tympaki,mangawhai,78,20
tympaki,pago-pago,92,34
tympaki,neiafu,94,49
tympaki,suva,85,27
tympaki,apia,91,36
tympaki,rarotonga,95,47
tympaki,aitutaki,96,52
tympaki,alofi,99,68
tympaki,tahiti,97,52
tympaki,ireland-west,60,34
tympaki,iceland,65,35
tympaki,nuuk,71,36
tympaki,qaqortoq,75,37
tympaki,milton-nl,77,39
tympaki,maniitsoq,72,37
tympaki,sisimiut,74,38
tympaki,aasiaat,76,39
tympaki,faroe-islands,67,37
barcelona,las-toninas,81,38
barcelona,punta-del-este,79,37
barcelona,praia-grande,75,31
barcelona,fortaleza,68,24
barcelona,myrtle-beach,97,60
barcelona,virginia-beach,77,34
barcelona,bellport,21,3
barcelona,bilbao,53,23
barcelona,bude,4,2
barcelona,sines,41,13
barcelona,carcavelos,6,3
barcelona,marseille,2,2
barcelona,accra,15,6
barcelona,lagos,16,6
barcelona,yzerfontein,44,8
barcelona,maputo,43,12
barcelona,mombasa,27,11
barcelona,djibouti,17,5
barcelona,jeddah,11,4
barcelona,mumbai,26,3
barcelona,singapore,48,5
barcelona,perth,69,18
barcelona,sydney,78,22
barcelona,auckland,83,24
barcelona,los-angeles,99,56
barcelona,chiba,72,25
barcelona,dakar,12,4
barcelona,gran-canaria,8,4
barcelona,abidjan,20,8
barcelona,lome,14,6
barcelona,libreville,28,15
barcelona,pointe-noire,25,8
barcelona,luanda,29,8
barcelona,swakopmund,38,8
barcelona,gqeberha,47,18
barcelona,amanzimtoti,45,13
barcelona,dar-es-salaam,30,12
barcelona,moroni,33,9
barcelona,mahajanga,39,17
barcelona,nacala,35,13
barcelona,carana,42,19
barcelona,mogadishu,22,7
barcelona,berbera,19,6
barcelona,port-sudan,13,9
barcelona,suez,10,4
barcelona,port-said,9,6
barcelona,tympaki,7,5
barcelona,genoa,3,3
barcelona,salalah,24,12
barcelona,barka,31,15
barcelona,abu-dhabi,32,18
barcelona,doha,34,19
barcelona,manama,36,20
barcelona,al-faw,37,17
barcelona,karachi,23,7
barcelona,catania,5,3
barcelona,matara,40,12
barcelona,kuakata,49,20
barcelona,ngwe-saung,52,21
barcelona,melaka,50,13
barcelona,medan,46,7
barcelona,fujairah,18,5
barcelona,hong-kong,60,22
barcelona,shantou,62,23
barcelona,batangas,61,21
barcelona,sriracha,56,21
barcelona,quy-nhon,57,17
barcelona,vung-tau,54,15
barcelona,brunei,55,12
barcelona,davao,76,43
barcelona,guam,71,16
barcelona,yap,73,31
barcelona,palau,74,36
barcelona,makaha,90,28
barcelona,kauditan,80,48
barcelona,port-moresby,84,50
barcelona,honiara,85,46
barcelona,auki,86,48
barcelona,noro,87,51
barcelona,taro,89,52
barcelona,nukunonu,93,42
barcelona,mangawhai,82,24
barcelona,pago-pago,92,35
barcelona,neiafu,94,50
barcelona,suva,88,32
barcelona,apia,91,37
barcelona,rarotonga,95,53
barcelona,aitutaki,96,58
barcelona,alofi,100,75
barcelona,tahiti,98,60
barcelona,ireland-west,51,19
barcelona,iceland,58,21
barcelona,nuuk,63,23
barcelona,qaqortoq,66,25
barcelona,milton-nl,70,24
barcelona,maniitsoq,64,24
barcelona,sisimiut,65,25
barcelona,aasiaat,67,27
barcelona,faroe-islands,59,25
genoa,las-toninas,81,40
genoa,punta-del-este,79,38
genoa,praia-grande,75,33
genoa,fortaleza,63,25
genoa,myrtle-beach,97,60
genoa,virginia-beach,80,38
genoa,bellport,27,6
genoa,bilbao,57,26
genoa,bude,7,4
genoa,sines,41,15
genoa,carcavelos,5,3
genoa,marseille,2,2
genoa,accra,18,6
genoa,lagos,19,6
genoa,yzerfontein,45,10
genoa,maputo,43,12
genoa,mombasa,24,9
genoa,djibouti,14,4
genoa,jeddah,11,5
genoa,mumbai,26,7
genoa,singapore,49,7
genoa,perth,64,18
genoa,sydney,77,23
genoa,auckland,83,24
genoa,los-angeles,99,57
genoa,chiba,72,25
genoa,dakar,13,5
genoa,gran-canaria,10,5
genoa,abidjan,20,8
genoa,lome,17,6
genoa,libreville,30,14
genoa,pointe-noire,25,8
genoa,luanda,31,10
genoa,swakopmund,40,10
genoa,gqeberha,47,15
genoa,amanzimtoti,44,13
genoa,dar-es-salaam,28,11
genoa,moroni,33,8
genoa,mahajanga,38,17
genoa,nacala,35,12
genoa,carana,42,18
genoa,mogadishu,21,6
genoa,berbera,16,7
genoa,port-sudan,12,6
genoa,suez,9,4
genoa,port-said,8,3
genoa,tympaki,6,2
genoa,barcelona,3,3
genoa,salalah,23,12
genoa,barka,29,14
genoa,abu-dhabi,32,16
genoa,doha,34,19
genoa,manama,36,20
genoa,al-faw,37,17
genoa,karachi,22,6
genoa,catania,4,3
genoa,matara,39,9
genoa,kuakata,48,19
genoa,ngwe-saung,51,20
genoa,melaka,50,13
genoa,medan,46,6
genoa,fujairah,15,5
genoa,hong-kong,59,23
genoa,shantou,61,24
genoa,batangas,60,24
genoa,sriracha,55,21
genoa,quy-nhon,56,20
genoa,vung-tau,52,16
genoa,brunei,54,12
genoa,davao,76,45
genoa,guam,70,18
genoa,yap,73,33
genoa,palau,74,37
genoa,makaha,90,27
genoa,kauditan,78,48
genoa,port-moresby,84,50
genoa,honiara,85,50
genoa,auki,86,51
genoa,noro,87,51
genoa,taro,89,52
genoa,nukunonu,93,42
genoa,mangawhai,82,24
genoa,pago-pago,92,36
genoa,neiafu,94,51
genoa,suva,88,33
genoa,apia,91,38
genoa,rarotonga,95,51
genoa,aitutaki,96,56
genoa,alofi,100,75
genoa,tahiti,98,62
genoa,ireland-west,53,22
genoa,iceland,58,24
genoa,nuuk,65,25
genoa,qaqortoq,68,28
genoa,milton-nl,71,27
genoa,maniitsoq,66,26
genoa,sisimiut,67,28
genoa,aasiaat,69,30
genoa,faroe-islands,62,32
salalah,las-toninas,99,61
salalah,punta-del-este,97,59
salalah,praia-grande,96,52
salalah,fortaleza,89,47
salalah,myrtle-beach,100,97
salalah,virginia-beach,98,71
salalah,bellport,64,20
salalah,bilbao,81,56
salalah,bude,43,18
salalah,sines,67,36
salalah,carcavelos,41,16
salalah,marseille,31,11
salalah,accra,58,30
salalah,lagos,59,31
salalah,yzerfontein,38,8
salalah,maputo,26,4
salalah,mombasa,14,3
salalah,djibouti,4,2
salalah,jeddah,12,3
salalah,mumbai,8,2
salalah,singapore,27,3
salalah,perth,49,5
salalah,sydney,63,8
salalah,auckland,68,9
salalah,los-angeles,86,30
salalah,chiba,55,10
salalah,dakar,52,22
salalah,gran-canaria,48,18
salalah,abidjan,61,32
salalah,lome,57,30
salalah,libreville,54,31
salalah,pointe-noire,51,29
salalah,luanda,50,27
salalah,swakopmund,45,20
salalah,gqeberha,33,7
salalah,amanzimtoti,29,5
salalah,dar-es-salaam,15,4
salalah,moroni,18,3
salalah,mahajanga,22,9
salalah,nacala,20,5
salalah,carana,25,13
salalah,mogadishu,10,3
salalah,berbera,6,3
salalah,port-sudan,11,3
salalah,suez,16,9
salalah,port-said,17,8
salalah,tympaki,21,12
salalah,barcelona,34,15
salalah,genoa,30,13
salalah,barka,2,2
salalah,abu-dhabi,3,3
salalah,doha,5,4
salalah,manama,7,5
salalah,al-faw,9,6
salalah,karachi,13,5
salalah,catania,23,10
salalah,matara,24,7
salalah,kuakata,40,13
salalah,ngwe-saung,42,13
salalah,melaka,28,4
salalah,medan,32,6
salalah,fujairah,19,11
salalah,hong-kong,44,9
salalah,shantou,47,10
salalah,batangas,46,11
salalah,sriracha,37,9
salalah,quy-nhon,39,6
salalah,vung-tau,35,5
salalah,brunei,36,4
salalah,davao,62,30
salalah,guam,53,6
salalah,yap,56,18
salalah,palau,60,24
salalah,makaha,75,12
salalah,kauditan,65,36
salalah,port-moresby,69,40
salalah,honiara,70,31
salalah,auki,71,32
salalah,noro,72,36
salalah,taro,74,38
salalah,nukunonu,78,27
salalah,mangawhai,66,9
salalah,pago-pago,77,19
salalah,neiafu,80,32
salalah,suva,73,18
salalah,apia,76,20
salalah,rarotonga,82,28
salalah,aitutaki,83,33
salalah,alofi,88,54
salalah,tahiti,85,30
salalah,ireland-west,79,55
salalah,iceland,84,59
salalah,nuuk,90,62
salalah,qaqortoq,93,63
salalah,milton-nl,95,62
salalah,maniitsoq,91,63
salalah,sisimiut,92,64
salalah,aasiaat,94,66
salalah,faroe-islands,87,62
barka,las-toninas,99,61
barka,punta-del-este,97,59
barka,praia-grande,96,52
barka,fortaleza,89,47
barka,myrtle-beach,100,97
barka,virginia-beach,98,71
barka,bellport,64,20
barka,bilbao,81,56
barka,bude,43,18
barka,sines,67,36
barka,carcavelos,42,16
barka,marseille,31,11
barka,accra,58,30
barka,lagos,59,31
barka,yzerfontein,39,11
barka,maputo,26,6
barka,mombasa,14,5
barka,djibouti,7,3
barka,jeddah,13,8
barka,mumbai,9,4
barka,singapore,27,5
barka,perth,49,8
barka,sydney,63,11
barka,auckland,68,12
barka,los-angeles,86,30
barka,chiba,55,10
barka,dakar,52,22
barka,gran-canaria,48,18
barka,abidjan,61,32
barka,lome,57,30
barka,libreville,54,31
barka,pointe-noire,51,29
barka,luanda,50,27
barka,swakopmund,45,21
barka,gqeberha,33,9
barka,amanzimtoti,29,7
barka,dar-es-salaam,15,6
barka,moroni,19,5
barka,mahajanga,23,13
barka,nacala,20,7
barka,carana,25,14
barka,mogadishu,11,5
barka,berbera,8,5
barka,port-sudan,12,8
barka,suez,17,9
barka,port-said,18,8
barka,tympaki,21,12
barka,barcelona,34,15
barka,genoa,30,13
barka,salalah,5,2
barka,abu-dhabi,2,2
barka,doha,3,3
barka,manama,4,4
barka,al-faw,6,5
barka,karachi,10,7
barka,catania,24,10
barka,matara,22,9
barka,kuakata,35,13
barka,ngwe-saung,41,14
barka,melaka,28,8
barka,medan,32,9
barka,fujairah,16,9
barka,hong-kong,44,10
barka,shantou,47,11
barka,batangas,46,14
barka,sriracha,38,10
barka,quy-nhon,40,10
barka,vung-tau,36,10
barka,brunei,37,8
barka,davao,62,30
barka,guam,53,11
barka,yap,56,20
barka,palau,60,24
barka,makaha,75,12
barka,kauditan,65,36
barka,port-moresby,69,40
barka,honiara,70,31
barka,auki,71,32
barka,noro,72,36
barka,taro,74,38
barka,nukunonu,78,27
barka,mangawhai,66,12
barka,pago-pago,77,21
barka,neiafu,80,32
barka,suva,73,20
barka,apia,76,22
barka,rarotonga,82,29
barka,aitutaki,83,33
barka,alofi,88,54
barka,tahiti,85,30
barka,ireland-west,79,55
barka,iceland,84,59
barka,nuuk,90,62
barka,qaqortoq,93,63
barka,milton-nl,95,62
barka,maniitsoq,91,63
barka,sisimiut,92,64
barka,aasiaat,94,66
barka,faroe-islands,87,62
abu-dhabi,las-toninas,99,61
abu-dhabi,punta-del-este,97,59
abu-dhabi,praia-grande,96,53
abu-dhabi,fortaleza,89,48
abu-dhabi,myrtle-beach,100,97
abu-dhabi,virginia-beach,98,71
abu-dhabi,bellport,64,20
abu-dhabi,bilbao,81,56
abu-dhabi,bude,43,18
abu-dhabi,sines,67,36
abu-dhabi,carcavelos,42,16
abu-dhabi,marseille,33,11
abu-dhabi,accra,58,30
abu-dhabi,lagos,59,31
abu-dhabi,yzerfontein,40,12
abu-dhabi,maputo,26,8
abu-dhabi,mombasa,15,7
abu-dhabi,djibouti,7,6
abu-dhabi,jeddah,13,8
abu-dhabi,mumbai,10,6
abu-dhabi,singapore,28,7
abu-dhabi,perth,49,11
abu-dhabi,sydney,63,15
abu-dhabi,auckland,68,16
abu-dhabi,los-angeles,86,32
abu-dhabi,chiba,55,12
abu-dhabi,dakar,52,24
abu-dhabi,gran-canaria,48,18
abu-dhabi,abidjan,61,32
abu-dhabi,lome,57,30
abu-dhabi,libreville,54,31
abu-dhabi,pointe-noire,51,29
abu-dhabi,luanda,50,27
abu-dhabi,swakopmund,45,21
abu-dhabi,gqeberha,34,11
abu-dhabi,amanzimtoti,30,9
abu-dhabi,dar-es-salaam,16,8
abu-dhabi,moroni,19,7
abu-dhabi,mahajanga,23,14
abu-dhabi,nacala,21,9
abu-dhabi,carana,25,15
abu-dhabi,mogadishu,11,7
abu-dhabi,berbera,8,7
abu-dhabi,port-sudan,12,8
abu-dhabi,suez,17,9
abu-dhabi,port-said,18,8
abu-dhabi,tympaki,22,12
abu-dhabi,barcelona,35,15
abu-dhabi,genoa,32,13
abu-dhabi,salalah,6,3
abu-dhabi,barka,3,2
abu-dhabi,doha,2,2
abu-dhabi,manama,4,3
abu-dhabi,al-faw,5,4
abu-dhabi,karachi,9,7
abu-dhabi,catania,24,10
abu-dhabi,matara,20,9
abu-dhabi,kuakata,31,11
abu-dhabi,ngwe-saung,36,13
abu-dhabi,melaka,29,8
abu-dhabi,medan,27,9
abu-dhabi,fujairah,14,8
abu-dhabi,hong-kong,44,12
abu-dhabi,shantou,47,13
abu-dhabi,batangas,46,16
abu-dhabi,sriracha,39,12
abu-dhabi,quy-nhon,41,11
abu-dhabi,vung-tau,37,11
abu-dhabi,brunei,38,10
abu-dhabi,davao,62,30
abu-dhabi,guam,53,11
abu-dhabi,yap,56,21
abu-dhabi,palau,60,27
abu-dhabi,makaha,75,13
abu-dhabi,kauditan,65,36
abu-dhabi,port-moresby,69,40
abu-dhabi,honiara,70,31
abu-dhabi,auki,71,32
abu-dhabi,noro,72,36
abu-dhabi,taro,74,38
abu-dhabi,nukunonu,78,30
abu-dhabi,mangawhai,66,16
abu-dhabi,pago-pago,77,21
abu-dhabi,neiafu,80,35
abu-dhabi,suva,73,20
abu-dhabi,apia,76,22
abu-dhabi,rarotonga,82,29
abu-dhabi,aitutaki,83,36
abu-dhabi,alofi,88,54
abu-dhabi,tahiti,85,30
abu-dhabi,ireland-west,79,55
abu-dhabi,iceland,84,59
abu-dhabi,nuuk,90,62
abu-dhabi,qaqortoq,93,63
abu-dhabi,milton-nl,95,62
abu-dhabi,maniitsoq,91,63
abu-dhabi,sisimiut,92,64
abu-dhabi,aasiaat,94,66
abu-dhabi,faroe-islands,87,62
doha,las-toninas,99,61
doha,punta-del-este,97,59
doha,praia-grande,96,54
doha,fortaleza,89,49
doha,myrtle-beach,100,97
doha,virginia-beach,98,71
doha,bellport,64,22
doha,bilbao,81,56
doha,bude,43,20
doha,sines,68,37
doha,carcavelos,42,16
doha,marseille,34,11
doha,accra,58,30
doha,lagos,59,31
doha,yzerfontein,41,13
doha,maputo,28,9
doha,mombasa,15,8
doha,djibouti,8,7
doha,jeddah,14,8
doha,mumbai,10,7
doha,singapore,29,9
doha,perth,49,12
doha,sydney,63,15
doha,auckland,67,16
doha,los-angeles,86,34
doha,chiba,54,14
doha,dakar,53,24
doha,gran-canaria,48,19
doha,abidjan,61,32
doha,lome,57,30
doha,libreville,55,31
doha,pointe-noire,52,29
doha,luanda,50,27
doha,swakopmund,45,21
doha,gqeberha,35,12
doha,amanzimtoti,31,10
doha,dar-es-salaam,16,9
doha,moroni,20,8
doha,mahajanga,23,14
doha,nacala,21,10
doha,carana,26,16
doha,mogadishu,12,8
doha,berbera,9,8
doha,port-sudan,13,8
doha,suez,18,9
doha,port-said,19,8
doha,tympaki,22,12
doha,barcelona,36,15
doha,genoa,32,13
doha,salalah,6,5
doha,barka,5,3
doha,abu-dhabi,3,2
doha,manama,2,2
doha,al-faw,4,3
doha,karachi,7,6
doha,catania,25,10
doha,matara,17,8
doha,kuakata,27,11
doha,ngwe-saung,33,12
doha,melaka,30,11
doha,medan,24,8
doha,fujairah,11,8
doha,hong-kong,44,14
doha,shantou,47,15
doha,batangas,46,16
doha,sriracha,39,14
doha,quy-nhon,40,12
doha,vung-tau,37,12
doha,brunei,38,11
doha,davao,62,29
doha,guam,51,12
doha,yap,56,23
doha,palau,60,27
doha,makaha,75,15
doha,kauditan,65,36
doha,port-moresby,69,38
doha,honiara,70,31
doha,auki,71,32
doha,noro,72,35
doha,taro,74,38
doha,nukunonu,78,30
doha,mangawhai,66,16
doha,pago-pago,77,24
doha,neiafu,79,35
doha,suva,73,22
doha,apia,76,25
doha,rarotonga,82,31
doha,aitutaki,83,35
doha,alofi,88,53
doha,tahiti,85,31
doha,ireland-west,80,55
doha,iceland,84,60
doha,nuuk,90,62
doha,qaqortoq,93,63
doha,milton-nl,95,62
doha,maniitsoq,91,63
doha,sisimiut,92,64
doha,aasiaat,94,66
doha,faroe-islands,87,62
manama,las-toninas,99,61
manama,punta-del-este,97,60
manama,praia-grande,96,55
manama,fortaleza,89,50
manama,myrtle-beach,100,97
manama,virginia-beach,98,72
manama,bellport,65,22
manama,bilbao,82,58
manama,bude,43,20
manama,sines,68,37
manama,carcavelos,42,16
manama,marseille,34,11
manama,accra,59,30
manama,lagos,60,31
manama,yzerfontein,41,13
manama,maputo,29,9
manama,mombasa,15,8
manama,djibouti,8,7
manama,jeddah,14,8
manama,mumbai,10,7
manama,singapore,28,8
manama,perth,49,12
manama,sydney,63,15
manama,auckland,67,16
manama,los-angeles,86,33
manama,chiba,54,14
manama,dakar,53,24
manama,gran-canaria,48,20
manama,abidjan,61,32
manama,lome,58,30
manama,libreville,56,31
manama,pointe-noire,52,29
manama,luanda,50,27
manama,swakopmund,47,22
manama,gqeberha,37,12
manama,amanzimtoti,32,10
manama,dar-es-salaam,17,9
manama,moroni,20,8
manama,mahajanga,24,14
manama,nacala,21,10
manama,carana,27,16
manama,mogadishu,12,8
manama,berbera,9,8
manama,port-sudan,13,8
manama,suez,18,9
manama,port-said,19,8
manama,tympaki,22,12
manama,barcelona,38,15
manama,genoa,33,13
manama,salalah,6,5
manama,barka,5,4
manama,abu-dhabi,3,3
manama,doha,2,2
manama,al-faw,4,2
manama,karachi,7,6
manama,catania,26,10
manama,matara,16,8
manama,kuakata,25,11
manama,ngwe-saung,31,12
manama,melaka,30,11
manama,medan,23,7
manama,fujairah,11,8
manama,hong-kong,44,14
manama,shantou,46,15
manama,batangas,45,16
manama,sriracha,39,14
manama,quy-nhon,40,12
manama,vung-tau,35,12
manama,brunei,36,11
manama,davao,62,29
manama,guam,51,12
manama,yap,55,23
manama,palau,57,27
manama,makaha,75,15
manama,kauditan,64,34
manama,port-moresby,69,37
manama,honiara,70,31
manama,auki,71,32
manama,noro,72,34
manama,taro,74,36
manama,nukunonu,78,28
manama,mangawhai,66,16
manama,pago-pago,77,24
manama,neiafu,79,34
manama,suva,73,22
manama,apia,76,25
manama,rarotonga,81,29
manama,aitutaki,83,35
manama,alofi,87,52
manama,tahiti,85,31
manama,ireland-west,80,55
manama,iceland,84,60
manama,nuuk,90,62
manama,qaqortoq,93,63
manama,milton-nl,95,62
manama,maniitsoq,91,63
manama,sisimiut,92,65
manama,aasiaat,94,66
manama,faroe-islands,88,62
al-faw,las-toninas,99,63
al-faw,punta-del-este,97,60
al-faw,praia-grande,96,56
al-faw,fortaleza,89,50
al-faw,myrtle-beach,100,97
al-faw,virginia-beach,98,72
al-faw,bellport,65,21
al-faw,bilbao,83,58
al-faw,bude,46,19
al-faw,sines,71,37
al-faw,carcavelos,44,16
al-faw,marseille,36,10
al-faw,accra,59,29
al-faw,lagos,60,31
al-faw,yzerfontein,42,13
al-faw,maputo,32,9
al-faw,mombasa,16,8
al-faw,djibouti,10,7
al-faw,jeddah,15,8
al-faw,mumbai,8,3
al-faw,singapore,25,4
al-faw,perth,47,11
al-faw,sydney,63,15
al-faw,auckland,67,16
al-faw,los-angeles,85,32
al-faw,chiba,51,14
al-faw,dakar,54,24
al-faw,gran-canaria,49,20
al-faw,abidjan,62,32
al-faw,lome,57,30
al-faw,libreville,58,35
al-faw,pointe-noire,55,30
al-faw,luanda,52,28
al-faw,swakopmund,48,23
al-faw,gqeberha,40,12
al-faw,amanzimtoti,38,10
al-faw,dar-es-salaam,18,9
al-faw,moroni,20,8
al-faw,mahajanga,27,15
al-faw,nacala,23,10
al-faw,carana,30,17
al-faw,mogadishu,13,8
al-faw,berbera,11,8
al-faw,port-sudan,14,8
al-faw,suez,17,9
al-faw,port-said,19,10
al-faw,tympaki,22,11
al-faw,barcelona,39,14
al-faw,genoa,35,13
al-faw,salalah,7,6
al-faw,barka,5,5
al-faw,abu-dhabi,4,4
al-faw,doha,3,3
al-faw,manama,2,2
al-faw,karachi,6,2
al-faw,catania,28,9
al-faw,matara,12,7
al-faw,kuakata,24,11
al-faw,ngwe-saung,29,12
al-faw,melaka,26,10
al-faw,medan,21,3
al-faw,fujairah,9,7
al-faw,hong-kong,41,14
al-faw,shantou,45,15
al-faw,batangas,43,16
al-faw,sriracha,34,14
al-faw,quy-nhon,37,12
al-faw,vung-tau,31,11
al-faw,brunei,33,10
al-faw,davao,61,27
al-faw,guam,50,11
al-faw,yap,53,23
al-faw,palau,56,25
al-faw,makaha,75,15
al-faw,kauditan,64,31
al-faw,port-moresby,68,32
al-faw,honiara,69,30
al-faw,auki,70,31
al-faw,noro,72,32
al-faw,taro,74,33
al-faw,nukunonu,78,28
al-faw,mangawhai,66,16
al-faw,pago-pago,77,24
al-faw,neiafu,79,32
al-faw,suva,73,22
al-faw,apia,76,25
al-faw,rarotonga,81,29
al-faw,aitutaki,82,33
al-faw,alofi,87,45
al-faw,tahiti,84,31
al-faw,ireland-west,80,58
al-faw,iceland,86,61
al-faw,nuuk,90,62
al-faw,qaqortoq,93,63
al-faw,milton-nl,95,62
al-faw,maniitsoq,91,64
al-faw,sisimiut,92,65
al-faw,aasiaat,94,66
al-faw,faroe-islands,88,62
karachi,las-toninas,99,63
karachi,punta-del-este,97,60
karachi,praia-grande,96,56
karachi,fortaleza,89,50
karachi,myrtle-beach,100,97
karachi,virginia-beach,98,72
karachi,bellport,65,14
karachi,bilbao,83,58
karachi,bude,44,12
karachi,sines,71,34
karachi,carcavelos,41,9
karachi,marseille,33,5
karachi,accra,56,27
karachi,lagos,57,28
karachi,yzerfontein,47,9
karachi,maputo,38,4
karachi,mombasa,21,3
karachi,djibouti,11,2
karachi,jeddah,9,2
karachi,mumbai,2,2
karachi,singapore,22,3
karachi,perth,46,6
karachi,sydney,61,9
karachi,auckland,67,10
karachi,los-angeles,85,31
karachi,chiba,50,8
karachi,dakar,53,19
karachi,gran-canaria,48,14
karachi,abidjan,60,29
karachi,lome,55,28
karachi,libreville,64,39
karachi,pointe-noire,62,33
karachi,luanda,58,29
karachi,swakopmund,51,25
karachi,gqeberha,45,7
karachi,amanzimtoti,43,5
karachi,dar-es-salaam,24,4
karachi,moroni,27,4
karachi,mahajanga,35,11
karachi,nacala,29,6
karachi,carana,37,19
karachi,mogadishu,17,4
karachi,berbera,12,4
karachi,port-sudan,13,4
karachi,suez,15,4
karachi,port-said,16,5
karachi,tympaki,19,6
karachi,barcelona,36,9
karachi,genoa,32,8
karachi,salalah,10,4
karachi,barka,14,8
karachi,abu-dhabi,8,6
karachi,doha,6,5
karachi,manama,5,4
karachi,al-faw,4,2
karachi,catania,25,4
karachi,matara,7,2
karachi,kuakata,20,5
karachi,ngwe-saung,26,6
karachi,melaka,23,5
karachi,medan,18,2
karachi,fujairah,3,2
karachi,hong-kong,39,8
karachi,shantou,42,9
karachi,batangas,40,10
karachi,sriracha,31,8
karachi,quy-nhon,34,6
karachi,vung-tau,28,6
karachi,brunei,30,5
karachi,davao,59,24
karachi,guam,49,6
karachi,yap,52,17
karachi,palau,54,19
karachi,makaha,75,10
karachi,kauditan,63,29
karachi,port-moresby,68,31
karachi,honiara,69,25
karachi,auki,70,29
karachi,noro,72,29
karachi,taro,74,30
karachi,nukunonu,78,22
karachi,mangawhai,66,10
karachi,pago-pago,77,18
karachi,neiafu,79,26
karachi,suva,73,16
karachi,apia,76,19
karachi,rarotonga,81,23
karachi,aitutaki,82,27
karachi,alofi,87,41
karachi,tahiti,84,25
karachi,ireland-west,80,52
karachi,iceland,86,55
karachi,nuuk,90,56
karachi,qaqortoq,93,63
karachi,milton-nl,95,62
karachi,maniitsoq,91,58
karachi,sisimiut,92,59
karachi,aasiaat,94,60
karachi,faroe-islands,88,62
catania,las-toninas,83,41
catania,punta-del-este,81,40
catania,praia-grande,78,39
catania,fortaleza,66,29
catania,myrtle-beach,100,62
catania,virginia-beach,82,45
catania,bellport,37,6
catania,bilbao,60,35
catania,bude,8,4
catania,sines,47,15
catania,carcavelos,7,3
catania,marseille,2,2
catania,accra,23,6
catania,lagos,24,8
catania,yzerfontein,49,14
catania,maputo,41,8
catania,mombasa,20,6
catania,djibouti,13,3
catania,jeddah,10,2
catania,mumbai,21,5
catania,singapore,48,4
catania,perth,61,15
catania,sydney,76,18
catania,auckland,80,19
catania,los-angeles,98,55
catania,chiba,65,24
catania,dakar,16,5
catania,gran-canaria,12,5
catania,abidjan,27,9
catania,lome,22,7
catania,libreville,38,17
catania,pointe-noire,36,12
catania,luanda,39,13
catania,swakopmund,45,17
catania,gqeberha,44,11
catania,amanzimtoti,42,9
catania,dar-es-salaam,25,7
catania,moroni,29,5
catania,mahajanga,34,13
catania,nacala,31,8
catania,carana,40,15
catania,mogadishu,17,4
catania,berbera,15,4
catania,port-sudan,11,4
catania,suez,5,2
catania,port-said,6,3
catania,tympaki,9,4
catania,barcelona,4,3
catania,genoa,3,3
catania,salalah,19,8
catania,barka,26,11
catania,abu-dhabi,28,16
catania,doha,30,17
catania,manama,32,18
catania,al-faw,33,15
catania,karachi,18,3
catania,matara,35,7
catania,kuakata,46,18
catania,ngwe-saung,51,19
catania,melaka,50,9
catania,medan,43,3
catania,fujairah,14,2
catania,hong-kong,56,21
catania,shantou,59,23
catania,batangas,58,23
catania,sriracha,54,20
catania,quy-nhon,55,17
catania,vung-tau,52,12
catania,brunei,53,9
catania,davao,75,44
catania,guam,63,16
catania,yap,67,31
catania,palau,71,35
catania,makaha,90,27
catania,kauditan,77,47
catania,port-moresby,84,49
catania,honiara,85,48
catania,auki,86,49
catania,noro,87,49
catania,taro,89,50
catania,nukunonu,93,41
catania,mangawhai,79,19
catania,pago-pago,92,35
catania,neiafu,94,50
catania,suva,88,31
catania,apia,91,37
catania,rarotonga,95,47
catania,aitutaki,96,52
catania,alofi,99,68
catania,tahiti,97,56
catania,ireland-west,57,26
catania,iceland,62,32
catania,nuuk,68,33
catania,qaqortoq,72,35
catania,milton-nl,74,36
catania,maniitsoq,69,34
catania,sisimiut,70,36
catania,aasiaat,73,37
catania,faroe-islands,64,35
matara,las-toninas,99,86
matara,punta-del-este,97,83
matara,praia-grande,96,64
matara,fortaleza,89,60
matara,myrtle-beach,100,98
matara,virginia-beach,98,91
matara,bellport,78,16
matara,bilbao,86,62
matara,bude,52,13
matara,sines,84,44
matara,carcavelos,49,10
matara,marseille,42,6
matara,accra,68,30
matara,lagos,69,33
matara,yzerfontein,54,10
matara,maputo,47,5
matara,mombasa,32,4
matara,djibouti,23,3
matara,jeddah,19,3
matara,mumbai,8,3
matara,singapore,4,2
matara,perth,29,3
matara,sydney,48,6
matara,auckland,57,7
matara,los-angeles,82,7
matara,chiba,36,5
matara,dakar,62,20
matara,gran-canaria,55,15
matara,abidjan,73,32
matara,lome,67,30
matara,libreville,77,47
matara,pointe-noire,75,40
matara,luanda,70,35
matara,swakopmund,59,29
matara,gqeberha,53,8
matara,amanzimtoti,51,6
matara,dar-es-salaam,34,5
matara,moroni,37,5
matara,mahajanga,43,13
matara,nacala,39,7
matara,carana,46,25
matara,mogadishu,30,5
matara,berbera,24,5
matara,port-sudan,25,5
matara,suez,27,5
matara,port-said,28,6
matara,tympaki,31,7
matara,barcelona,44,10
matara,genoa,41,9
matara,salalah,21,5
matara,barka,26,10
matara,abu-dhabi,18,7
matara,doha,16,6
matara,manama,15,5
matara,al-faw,14,3
matara,karachi,3,2
matara,catania,35,5
matara,kuakata,2,2
matara,ngwe-saung,5,3
matara,melaka,6,3
matara,medan,7,3
matara,fujairah,9,3
matara,hong-kong,17,5
matara,shantou,22,6
matara,batangas,20,7
matara,sriracha,12,5
matara,quy-nhon,13,3
matara,vung-tau,10,3
matara,brunei,11,3
matara,davao,45,17
matara,guam,33,4
matara,yap,38,14
matara,palau,40,16
matara,makaha,66,6
matara,kauditan,50,20
matara,port-moresby,58,22
matara,honiara,60,19
matara,auki,61,20
matara,noro,63,21
matara,taro,65,23
matara,nukunonu,74,19
matara,mangawhai,56,7
matara,pago-pago,72,15
matara,neiafu,76,23
matara,suva,64,14
matara,apia,71,16
matara,rarotonga,79,20
matara,aitutaki,80,24
matara,alofi,83,34
matara,tahiti,81,22
matara,ireland-west,85,55
matara,iceland,87,59
matara,nuuk,90,64
matara,qaqortoq,93,71
matara,milton-nl,95,68
matara,maniitsoq,91,65
matara,sisimiut,92,66
matara,aasiaat,94,67
matara,faroe-islands,88,68
kuakata,las-toninas,99,88
kuakata,punta-del-este,97,87
kuakata,praia-grande,96,77
kuakata,fortaleza,89,61
kuakata,myrtle-beach,100,98
kuakata,virginia-beach,98,93
kuakata,bellport,83,17
kuakata,bilbao,86,66
kuakata,bude,54,15
kuakata,sines,84,46
kuakata,carcavelos,52,12
kuakata,marseille,45,8
kuakata,accra,73,35
kuakata,lagos,74,36
kuakata,yzerfontein,62,15
kuakata,maputo,49,10
kuakata,mombasa,36,6
kuakata,djibouti,25,5
kuakata,jeddah,23,5
kuakata,mumbai,13,5
kuakata,singapore,5,3
kuakata,perth,18,5
kuakata,sydney,40,7
kuakata,auckland,51,8
kuakata,los-angeles,80,6
kuakata,chiba,29,5
kuakata,dakar,70,22
kuakata,gran-canaria,63,17
kuakata,abidjan,77,37
kuakata,lome,72,35
kuakata,libreville,82,50
kuakata,pointe-noire,78,42
kuakata,luanda,76,38
kuakata,swakopmund,68,33
kuakata,gqeberha,58,13
kuakata,amanzimtoti,53,11
kuakata,dar-es-salaam,37,7
kuakata,moroni,41,10
kuakata,mahajanga,46,19
kuakata,nacala,43,12
kuakata,carana,48,28
kuakata,mogadishu,33,7
kuakata,berbera,26,7
kuakata,port-sudan,27,7
kuakata,suez,30,7
kuakata,port-said,31,8
kuakata,tympaki,35,9
kuakata,barcelona,47,12
kuakata,genoa,44,11
kuakata,salalah,24,7
kuakata,barka,28,11
kuakata,abu-dhabi,21,9
kuakata,doha,20,8
kuakata,manama,19,7
kuakata,al-faw,17,5
kuakata,karachi,11,4
kuakata,catania,39,7
kuakata,matara,3,2
kuakata,ngwe-saung,2,2
kuakata,melaka,4,3
kuakata,medan,6,5
kuakata,fujairah,16,5
kuakata,hong-kong,12,5
kuakata,shantou,15,6
kuakata,batangas,14,8
kuakata,sriracha,9,5
kuakata,quy-nhon,10,5
kuakata,vung-tau,7,5
kuakata,brunei,8,5
kuakata,davao,38,15
kuakata,guam,22,6
kuakata,yap,32,13
kuakata,palau,34,16
kuakata,makaha,64,7
kuakata,kauditan,42,18
kuakata,port-moresby,55,20
kuakata,honiara,56,19
kuakata,auki,57,20
kuakata,noro,59,20
kuakata,taro,61,21
kuakata,nukunonu,67,19
kuakata,mangawhai,50,8
kuakata,pago-pago,66,15
kuakata,neiafu,69,23
kuakata,suva,60,14
kuakata,apia,65,16
kuakata,rarotonga,71,20
kuakata,aitutaki,75,24
kuakata,alofi,81,32
kuakata,tahiti,79,22
kuakata,ireland-west,85,59
kuakata,iceland,87,62
kuakata,nuuk,90,64
kuakata,qaqortoq,93,71
kuakata,milton-nl,95,70
kuakata,maniitsoq,91,65
kuakata,sisimiut,92,66
kuakata,aasiaat,94,67
kuakata,faroe-islands,88,69
ngwe-saung,las-toninas,99,88
ngwe-saung,punta-del-este,97,87
ngwe-saung,praia-grande,96,84
ngwe-saung,fortaleza,89,66
ngwe-saung,myrtle-beach,100,98
ngwe-saung,virginia-beach,98,93
ngwe-saung,bellport,83,27
ngwe-saung,bilbao,86,66
ngwe-saung,bude,61,16
ngwe-saung,sines,84,46
ngwe-saung,carcavelos,59,12
ngwe-saung,marseille,47,8
ngwe-saung,accra,77,37
ngwe-saung,lagos,78,38
ngwe-saung,yzerfontein,66,18
ngwe-saung,maputo,56,12
ngwe-saung,mombasa,39,9
ngwe-saung,djibouti,28,5
ngwe-saung,jeddah,27,5
ngwe-saung,mumbai,15,6
ngwe-saung,singapore,4,2
ngwe-saung,perth,16,4
ngwe-saung,sydney,35,6
ngwe-saung,auckland,45,7
ngwe-saung,los-angeles,74,6
ngwe-saung,chiba,20,5
ngwe-saung,dakar,72,27
ngwe-saung,gran-canaria,67,17
ngwe-saung,abidjan,80,39
ngwe-saung,lome,76,37
ngwe-saung,libreville,82,52
ngwe-saung,pointe-noire,81,46
ngwe-saung,luanda,79,41
ngwe-saung,swakopmund,71,35
ngwe-saung,gqeberha,64,17
ngwe-saung,amanzimtoti,60,15
ngwe-saung,dar-es-salaam,40,10
ngwe-saung,moroni,42,13
ngwe-saung,mahajanga,48,22
ngwe-saung,nacala,43,15
ngwe-saung,carana,53,31
ngwe-saung,mogadishu,36,10
ngwe-saung,berbera,29,8
ngwe-saung,port-sudan,30,7
ngwe-saung,suez,32,7
ngwe-saung,port-said,34,8
ngwe-saung,tympaki,38,9
ngwe-saung,barcelona,49,12
ngwe-saung,genoa,46,11
ngwe-saung,salalah,24,10
ngwe-saung,barka,31,15
ngwe-saung,abu-dhabi,26,13
ngwe-saung,doha,23,8
ngwe-saung,manama,22,7
ngwe-saung,al-faw,19,5
ngwe-saung,karachi,14,4
ngwe-saung,catania,41,7
ngwe-saung,matara,6,3
ngwe-saung,kuakata,2,2
ngwe-saung,melaka,3,2
ngwe-saung,medan,5,4
ngwe-saung,fujairah,17,5
ngwe-saung,hong-kong,11,5
ngwe-saung,shantou,13,6
ngwe-saung,batangas,12,8
ngwe-saung,sriracha,9,5
ngwe-saung,quy-nhon,10,5
ngwe-saung,vung-tau,7,5
ngwe-saung,brunei,8,4
ngwe-saung,davao,33,15
ngwe-saung,guam,18,6
ngwe-saung,yap,21,13
ngwe-saung,palau,25,15
ngwe-saung,makaha,58,7
ngwe-saung,kauditan,37,18
ngwe-saung,port-moresby,50,20
ngwe-saung,honiara,51,19
ngwe-saung,auki,52,20
ngwe-saung,noro,54,20
ngwe-saung,taro,57,21
ngwe-saung,nukunonu,65,18
ngwe-saung,mangawhai,44,7
ngwe-saung,pago-pago,63,14
ngwe-saung,neiafu,68,22
ngwe-saung,suva,55,13
ngwe-saung,apia,62,15
ngwe-saung,rarotonga,69,19
ngwe-saung,aitutaki,70,23
ngwe-saung,alofi,75,32
ngwe-saung,tahiti,73,21
ngwe-saung,ireland-west,85,60
ngwe-saung,iceland,87,63
ngwe-saung,nuuk,90,70
ngwe-saung,qaqortoq,93,77
ngwe-saung,milton-nl,95,78
ngwe-saung,maniitsoq,91,72
ngwe-saung,sisimiut,92,76
ngwe-saung,aasiaat,94,77
ngwe-saung,faroe-islands,88,70
melaka,las-toninas,99,88
melaka,punta-del-este,98,87
melaka,praia-grande,96,86
melaka,fortaleza,94,68
melaka,myrtle-beach,100,98
melaka,virginia-beach,97,93
melaka,bellport,82,17
melaka,bilbao,86,66
melaka,bude,58,9
melaka,sines,84,49
melaka,carcavelos,63,12
melaka,marseille,52,8
melaka,accra,77,39
melaka,lagos,78,40
melaka,yzerfontein,68,21
melaka,maputo,59,16
melaka,mombasa,38,12
melaka,djibouti,29,8
melaka,jeddah,31,6
melaka,mumbai,14,3
melaka,singapore,2,2
melaka,perth,15,3
melaka,sydney,28,5
melaka,auckland,42,6
melaka,los-angeles,72,4
melaka,chiba,18,3
melaka,dakar,75,29
melaka,gran-canaria,69,22
melaka,abidjan,80,41
melaka,lome,76,39
melaka,libreville,83,52
melaka,pointe-noire,81,46
melaka,luanda,79,42
melaka,swakopmund,73,36
melaka,gqeberha,66,20
melaka,amanzimtoti,64,18
melaka,dar-es-salaam,40,13
melaka,moroni,43,15
melaka,mahajanga,55,22
melaka,nacala,48,17
melaka,carana,57,32
melaka,mogadishu,37,13
melaka,berbera,32,11
melaka,port-sudan,34,9
melaka,suez,35,8
melaka,port-said,36,11
melaka,tympaki,39,12
melaka,barcelona,56,11
melaka,genoa,54,16
melaka,salalah,21,6
melaka,barka,24,13
melaka,abu-dhabi,26,14
melaka,doha,30,15
melaka,manama,27,13
melaka,al-faw,23,8
melaka,karachi,17,6
melaka,catania,44,10
melaka,matara,11,3
melaka,kuakata,9,3
melaka,ngwe-saung,8,2
melaka,medan,3,3
melaka,fujairah,20,6
melaka,hong-kong,10,3
melaka,shantou,13,4
melaka,batangas,12,6
melaka,sriracha,6,3
melaka,quy-nhon,7,3
melaka,vung-tau,4,3
melaka,brunei,5,3
melaka,davao,25,14
melaka,guam,16,4
melaka,yap,19,11
melaka,palau,22,13
melaka,makaha,53,5
melaka,kauditan,33,17
melaka,port-moresby,45,19
melaka,honiara,46,17
melaka,auki,47,18
melaka,noro,49,19
melaka,taro,51,20
melaka,nukunonu,62,16
melaka,mangawhai,41,6
melaka,pago-pago,61,12
melaka,neiafu,65,20
melaka,suva,50,11
melaka,apia,60,13
melaka,rarotonga,67,17
melaka,aitutaki,70,21
melaka,alofi,74,31
melaka,tahiti,71,19
melaka,ireland-west,85,58
melaka,iceland,87,61
melaka,nuuk,89,71
melaka,qaqortoq,92,74
melaka,milton-nl,95,82
melaka,maniitsoq,90,74
melaka,sisimiut,91,75
melaka,aasiaat,93,78
melaka,faroe-islands,88,64
medan,las-toninas,99,88
medan,punta-del-este,97,87
medan,praia-grande,96,85
medan,fortaleza,89,66
medan,myrtle-beach,100,98
medan,virginia-beach,98,93
medan,bellport,83,25
medan,bilbao,86,66
medan,bude,60,12
medan,sines,84,47
medan,carcavelos,59,10
medan,marseille,47,6
medan,accra,77,37
medan,lagos,78,38
medan,yzerfontein,68,18
medan,maputo,57,13
medan,mombasa,39,7
medan,djibouti,28,3
medan,jeddah,26,3
medan,mumbai,15,3
medan,singapore,2,2
medan,perth,16,3
medan,sydney,35,6
medan,auckland,44,7
medan,los-angeles,74,4
medan,chiba,19,3
medan,dakar,72,25
medan,gran-canaria,67,14
medan,abidjan,80,39
medan,lome,76,38
medan,libreville,82,52
medan,pointe-noire,81,46
medan,luanda,79,42
medan,swakopmund,71,36
medan,gqeberha,65,18
medan,amanzimtoti,61,16
medan,dar-es-salaam,40,9
medan,moroni,42,12
medan,mahajanga,50,22
medan,nacala,45,14
medan,carana,56,31
medan,mogadishu,36,9
medan,berbera,30,8
medan,port-sudan,29,4
medan,suez,32,3
medan,port-said,34,6
medan,tympaki,38,7
medan,barcelona,49,10
medan,genoa,46,9
medan,salalah,23,8
medan,barka,31,16
medan,abu-dhabi,27,12
medan,doha,25,6
medan,manama,22,5
medan,al-faw,20,3
medan,karachi,14,2
medan,catania,41,5
medan,matara,10,3
medan,kuakata,11,4
medan,ngwe-saung,8,3
medan,melaka,3,3
medan,fujairah,17,2
medan,hong-kong,9,3
medan,shantou,13,4
medan,batangas,12,7
medan,sriracha,6,3
medan,quy-nhon,7,3
medan,vung-tau,4,3
medan,brunei,5,3
medan,davao,33,14
medan,guam,18,4
medan,yap,21,11
medan,palau,24,13
medan,makaha,58,5
medan,kauditan,37,17
medan,port-moresby,48,19
medan,honiara,51,17
medan,auki,52,18
medan,noro,53,18
medan,taro,55,19
medan,nukunonu,64,16
medan,mangawhai,43,7
medan,pago-pago,63,12
medan,neiafu,66,20
medan,suva,54,11
medan,apia,62,13
medan,rarotonga,69,17
medan,aitutaki,70,21
medan,alofi,75,30
medan,tahiti,73,19
medan,ireland-west,85,59
medan,iceland,87,62
medan,nuuk,90,70
medan,qaqortoq,93,78
medan,milton-nl,95,82
medan,maniitsoq,91,73
medan,sisimiut,92,76
medan,aasiaat,94,77
medan,faroe-islands,88,70
fujairah,las-toninas,99,58
fujairah,punta-del-este,97,55
fujairah,praia-grande,96,52
fujairah,fortaleza,86,47
fujairah,myrtle-beach,100,89
fujairah,virginia-beach,98,69
fujairah,bellport,61,11
fujairah,bilbao,79,49
fujairah,bude,34,9
fujairah,sines,66,32
fujairah,carcavelos,32,7
fujairah,marseille,24,3
fujairah,accra,52,24
fujairah,lagos,53,24
fujairah,yzerfontein,47,10
fujairah,maputo,40,6
fujairah,mombasa,20,5
fujairah,djibouti,8,3
fujairah,jeddah,3,2
fujairah,mumbai,4,3
fujairah,singapore,28,3
fujairah,perth,49,7
fujairah,sydney,64,10
fujairah,auckland,68,11
fujairah,los-angeles,90,33
fujairah,chiba,56,8
fujairah,dakar,48,12
fujairah,gran-canaria,42,11
fujairah,abidjan,55,26
fujairah,lome,51,24
fujairah,libreville,62,37
fujairah,pointe-noire,60,32
fujairah,luanda,58,32
fujairah,swakopmund,50,24
fujairah,gqeberha,44,9
fujairah,amanzimtoti,41,7
fujairah,dar-es-salaam,21,6
fujairah,moroni,26,4
fujairah,mahajanga,33,12
fujairah,nacala,30,7
fujairah,carana,38,18
fujairah,mogadishu,17,4
fujairah,berbera,10,4
fujairah,port-sudan,5,3
fujairah,suez,6,2
fujairah,port-said,7,3
fujairah,tympaki,11,4
fujairah,barcelona,25,7
fujairah,genoa,22,6
fujairah,salalah,16,6
fujairah,barka,19,9
fujairah,abu-dhabi,15,7
fujairah,doha,13,6
fujairah,manama,12,5
fujairah,al-faw,9,3
fujairah,karachi,2,2
fujairah,catania,18,2
fujairah,matara,14,3
fujairah,kuakata,27,5
fujairah,ngwe-saung,31,6
fujairah,melaka,29,6
fujairah,medan,23,2
fujairah,hong-kong,43,8
fujairah,shantou,46,9
fujairah,batangas,45,11
fujairah,sriracha,37,7
fujairah,quy-nhon,39,7
fujairah,vung-tau,35,7
fujairah,brunei,36,6
fujairah,davao,63,30
fujairah,guam,54,7
fujairah,yap,57,17
fujairah,palau,59,19
fujairah,makaha,75,8
fujairah,kauditan,65,34
fujairah,port-moresby,69,36
fujairah,honiara,70,24
fujairah,auki,71,26
fujairah,noro,72,33
fujairah,taro,74,36
fujairah,nukunonu,80,22
fujairah,mangawhai,67,11
fujairah,pago-pago,78,17
fujairah,neiafu,81,26
fujairah,suva,73,15
fujairah,apia,77,19
fujairah,rarotonga,84,23
fujairah,aitutaki,85,27
fujairah,alofi,94,48
fujairah,tahiti,89,25
fujairah,ireland-west,76,42
fujairah,iceland,82,49
fujairah,nuuk,87,52
fujairah,qaqortoq,92,55
fujairah,milton-nl,95,59
fujairah,maniitsoq,88,55
fujairah,sisimiut,91,57
fujairah,aasiaat,93,58
fujairah,faroe-islands,83,54
hong-kong,las-toninas,99,88
hong-kong,punta-del-este,98,87
hong-kong,praia-grande,96,86
hong-kong,fortaleza,94,71
hong-kong,myrtle-beach,100,98
hong-kong,virginia-beach,97,93
hong-kong,bellport,82,22
hong-kong,bilbao,86,68
hong-kong,bude,60,15
hong-kong,sines,84,53
hong-kong,carcavelos,65,18
hong-kong,marseille,54,14
hong-kong,accra,77,41
hong-kong,lagos,78,41
hong-kong,yzerfontein,69,24
hong-kong,maputo,61,19
hong-kong,mombasa,39,17
hong-kong,djibouti,31,12
hong-kong,jeddah,33,11
hong-kong,mumbai,20,7
hong-kong,singapore,8,2
hong-kong,perth,21,6
hong-kong,sydney,30,14
hong-kong,auckland,44,16
hong-kong,los-angeles,41,4
hong-kong,chiba,10,2
hong-kong,dakar,75,35
hong-kong,gran-canaria,70,28
hong-kong,abidjan,80,43
hong-kong,lome,76,41
hong-kong,libreville,83,58
hong-kong,pointe-noire,81,52
hong-kong,luanda,79,47
hong-kong,swakopmund,73,39
hong-kong,gqeberha,67,23
hong-kong,amanzimtoti,66,21
hong-kong,dar-es-salaam,42,18
hong-kong,moroni,45,18
hong-kong,mahajanga,56,25
hong-kong,nacala,50,20
hong-kong,carana,59,37
hong-kong,mogadishu,38,18
hong-kong,berbera,34,15
hong-kong,port-sudan,35,13
hong-kong,suez,36,12
hong-kong,port-said,37,15
hong-kong,tympaki,40,16
hong-kong,barcelona,57,18
hong-kong,genoa,55,22
hong-kong,salalah,24,11
hong-kong,barka,26,18
hong-kong,abu-dhabi,28,19
hong-kong,doha,32,20
hong-kong,manama,29,18
hong-kong,al-faw,25,12
hong-kong,karachi,22,10
hong-kong,catania,46,14
hong-kong,matara,16,7
hong-kong,kuakata,17,9
hong-kong,ngwe-saung,14,8
hong-kong,melaka,9,5
hong-kong,medan,11,6
hong-kong,fujairah,23,11
hong-kong,shantou,2,2
hong-kong,batangas,4,3
hong-kong,sriracha,6,2
hong-kong,quy-nhon,3,2
hong-kong,vung-tau,5,2
hong-kong,brunei,7,5
hong-kong,davao,18,11
hong-kong,guam,12,2
hong-kong,yap,13,5
hong-kong,palau,15,8
hong-kong,makaha,27,5
hong-kong,kauditan,19,15
hong-kong,port-moresby,47,21
hong-kong,honiara,48,20
hong-kong,auki,49,21
hong-kong,noro,51,21
hong-kong,taro,53,21
hong-kong,nukunonu,64,22
hong-kong,mangawhai,43,16
hong-kong,pago-pago,58,18
hong-kong,neiafu,63,22
hong-kong,suva,52,19
hong-kong,apia,62,22
hong-kong,rarotonga,68,25
hong-kong,aitutaki,71,27
hong-kong,alofi,74,33
hong-kong,tahiti,72,25
hong-kong,ireland-west,85,60
hong-kong,iceland,87,61
hong-kong,nuuk,89,72
hong-kong,qaqortoq,92,75
hong-kong,milton-nl,95,83
hong-kong,maniitsoq,90,74
hong-kong,sisimiut,91,75
hong-kong,aasiaat,93,79
hong-kong,faroe-islands,88,64
shantou,las-toninas,99,88
shantou,punta-del-este,98,87
shantou,praia-grande,96,86
shantou,fortaleza,94,71
shantou,myrtle-beach,100,98
shantou,virginia-beach,97,93
shantou,bellport,82,22
shantou,bilbao,86,68
shantou,bude,60,15
shantou,sines,84,53
shantou,carcavelos,65,18
shantou,marseille,54,14
shantou,accra,77,41
shantou,lagos,78,41
shantou,yzerfontein,69,24
shantou,maputo,61,19
shantou,mombasa,39,17
shantou,djibouti,31,13
shantou,jeddah,33,12
shantou,mumbai,20,8
shantou,singapore,7,3
shantou,perth,21,7
shantou,sydney,30,14
shantou,auckland,44,16
shantou,los-angeles,41,4
shantou,chiba,10,3
shantou,dakar,75,35
shantou,gran-canaria,70,28
shantou,abidjan,80,43
shantou,lome,76,41
shantou,libreville,83,58
shantou,pointe-noire,81,52
shantou,luanda,79,47
shantou,swakopmund,73,39
shantou,gqeberha,67,23
shantou,amanzimtoti,66,21
shantou,dar-es-salaam,42,18
shantou,moroni,45,18
shantou,mahajanga,56,25
shantou,nacala,50,20
shantou,carana,59,37
shantou,mogadishu,38,18
shantou,berbera,34,15
shantou,port-sudan,35,14
shantou,suez,36,12
shantou,port-said,37,15
shantou,tympaki,40,16
shantou,barcelona,57,18
shantou,genoa,55,22
shantou,salalah,24,12
shantou,barka,26,18
shantou,abu-dhabi,28,19
shantou,doha,32,20
shantou,manama,29,18
shantou,al-faw,25,12
shantou,karachi,22,10
shantou,catania,46,14
shantou,matara,16,7
shantou,kuakata,17,9
shantou,ngwe-saung,14,8
shantou,melaka,9,6
shantou,medan,11,7
shantou,fujairah,23,11
shantou,hong-kong,2,2
shantou,batangas,3,2
shantou,sriracha,6,3
shantou,quy-nhon,4,2
shantou,vung-tau,5,4
shantou,brunei,8,6
shantou,davao,18,11
shantou,guam,12,3
shantou,yap,13,5
shantou,palau,15,8
shantou,makaha,27,6
shantou,kauditan,19,15
shantou,port-moresby,47,21
shantou,honiara,48,20
shantou,auki,49,21
shantou,noro,51,21
shantou,taro,53,21
shantou,nukunonu,64,22
shantou,mangawhai,43,16
shantou,pago-pago,58,18
shantou,neiafu,63,23
shantou,suva,52,19
shantou,apia,62,22
shantou,rarotonga,68,25
shantou,aitutaki,71,27
shantou,alofi,74,33
shantou,tahiti,72,25
shantou,ireland-west,85,60
shantou,iceland,87,61
shantou,nuuk,89,72
shantou,qaqortoq,92,75
shantou,milton-nl,95,83
shantou,maniitsoq,90,74
shantou,sisimiut,91,75
shantou,aasiaat,93,78
shantou,faroe-islands,88,64
batangas,las-toninas,99,88
batangas,punta-del-este,98,87
batangas,praia-grande,96,86
batangas,fortaleza,94,71
batangas,myrtle-beach,100,98
batangas,virginia-beach,97,93
batangas,bellport,82,21
batangas,bilbao,86,68
batangas,bude,59,15
batangas,sines,84,53
batangas,carcavelos,64,18
batangas,marseille,54,14
batangas,accra,77,41
batangas,lagos,78,41
batangas,yzerfontein,69,24
batangas,maputo,60,19
batangas,mombasa,39,16
batangas,djibouti,30,13
batangas,jeddah,32,11
batangas,mumbai,18,7
batangas,singapore,6,3
batangas,perth,19,4
batangas,sydney,29,11
batangas,auckland,44,15
batangas,los-angeles,40,3
batangas,chiba,9,2
batangas,dakar,75,34
batangas,gran-canaria,70,28
batangas,abidjan,80,43
batangas,lome,76,41
batangas,libreville,83,54
batangas,pointe-noire,81,47
batangas,luanda,79,43
batangas,swakopmund,73,39
batangas,gqeberha,67,23
batangas,amanzimtoti,65,21
batangas,dar-es-salaam,42,17
batangas,moroni,45,18
batangas,mahajanga,56,25
batangas,nacala,50,20
batangas,carana,58,33
batangas,mogadishu,38,17
batangas,berbera,33,15
batangas,port-sudan,34,13
batangas,suez,36,12
batangas,port-said,37,15
batangas,tympaki,41,16
batangas,barcelona,57,18
batangas,genoa,55,22
batangas,salalah,24,11
batangas,barka,26,17
batangas,abu-dhabi,27,18
batangas,doha,31,19
batangas,manama,28,18
batangas,al-faw,25,12
batangas,karachi,21,10
batangas,catania,46,14
batangas,matara,14,5
batangas,kuakata,15,9
batangas,ngwe-saung,12,8
batangas,melaka,8,4
batangas,medan,10,5
batangas,fujairah,23,10
batangas,hong-kong,4,3
batangas,shantou,2,2
batangas,sriracha,5,2
batangas,quy-nhon,3,2
batangas,vung-tau,7,6
batangas,brunei,11,6
batangas,davao,20,13
batangas,guam,13,4
batangas,yap,16,6
batangas,palau,17,9
batangas,makaha,35,6
batangas,kauditan,22,16
batangas,port-moresby,47,21
batangas,honiara,48,20
batangas,auki,49,21
batangas,noro,51,21
batangas,taro,53,21
batangas,nukunonu,63,20
batangas,mangawhai,43,15
batangas,pago-pago,62,17
batangas,neiafu,66,24
batangas,suva,52,17
batangas,apia,61,19
batangas,rarotonga,68,24
batangas,aitutaki,71,25
batangas,alofi,74,33
batangas,tahiti,72,24
batangas,ireland-west,85,60
batangas,iceland,87,61
batangas,nuuk,89,71
batangas,qaqortoq,92,74
batangas,milton-nl,95,82
batangas,maniitsoq,90,74
batangas,sisimiut,91,75
batangas,aasiaat,93,78
batangas,faroe-islands,88,64
sriracha,las-toninas,99,88
sriracha,punta-del-este,98,87
sriracha,praia-grande,96,86
sriracha,fortaleza,94,71
sriracha,myrtle-beach,100,98
sriracha,virginia-beach,97,93
sriracha,bellport,82,19
sriracha,bilbao,86,68
sriracha,bude,58,11
sriracha,sines,84,51
sriracha,carcavelos,63,14
sriracha,marseille,53,10
sriracha,accra,77,40
sriracha,lagos,78,40
sriracha,yzerfontein,69,24
sriracha,maputo,59,19
sriracha,mombasa,38,14
sriracha,djibouti,30,8
sriracha,jeddah,32,7
sriracha,mumbai,16,3
sriracha,singapore,2,2
sriracha,perth,17,3
sriracha,sydney,29,7
sriracha,auckland,42,8
sriracha,los-angeles,65,5
sriracha,chiba,14,3
sriracha,dakar,75,32
sriracha,gran-canaria,70,24
sriracha,abidjan,80,42
sriracha,lome,76,40
sriracha,libreville,83,53
sriracha,pointe-noire,81,46
sriracha,luanda,79,42
sriracha,swakopmund,73,39
sriracha,gqeberha,67,23
sriracha,amanzimtoti,64,21
sriracha,dar-es-salaam,40,15
sriracha,moroni,44,17
sriracha,mahajanga,55,25
sriracha,nacala,49,19
sriracha,carana,57,32
sriracha,mogadishu,37,15
sriracha,berbera,33,10
sriracha,port-sudan,34,9
sriracha,suez,35,7
sriracha,port-said,36,10
sriracha,tympaki,39,12
sriracha,barcelona,56,14
sriracha,genoa,54,18
sriracha,salalah,23,7
sriracha,barka,26,15
sriracha,abu-dhabi,27,16
sriracha,doha,31,17
sriracha,manama,28,14
sriracha,al-faw,25,7
sriracha,karachi,20,5
sriracha,catania,45,10
sriracha,matara,12,3
sriracha,kuakata,13,4
sriracha,ngwe-saung,11,3
sriracha,melaka,3,3
sriracha,medan,6,3
sriracha,fujairah,22,6
sriracha,hong-kong,4,2
sriracha,shantou,7,3
sriracha,batangas,8,2
sriracha,quy-nhon,10,3
sriracha,vung-tau,9,3
sriracha,brunei,5,2
sriracha,davao,21,13
sriracha,guam,15,2
sriracha,yap,18,8
sriracha,palau,19,13
sriracha,makaha,43,7
sriracha,kauditan,24,16
sriracha,port-moresby,46,21
sriracha,honiara,47,19
sriracha,auki,48,20
sriracha,noro,50,21
sriracha,taro,52,21
sriracha,nukunonu,62,18
sriracha,mangawhai,41,8
sriracha,pago-pago,61,17
sriracha,neiafu,66,22
sriracha,suva,51,16
sriracha,apia,60,18
sriracha,rarotonga,68,22
sriracha,aitutaki,71,23
sriracha,alofi,74,33
sriracha,tahiti,72,23
sriracha,ireland-west,85,60
sriracha,iceland,87,61
sriracha,nuuk,89,71
sriracha,qaqortoq,92,74
sriracha,milton-nl,95,82
sriracha,maniitsoq,90,74
sriracha,sisimiut,91,75
sriracha,aasiaat,93,78
sriracha,faroe-islands,88,64
quy-nhon,las-toninas,99,88
quy-nhon,punta-del-este,98,87
quy-nhon,praia-grande,96,86
quy-nhon,fortaleza,94,71
quy-nhon,myrtle-beach,100,98
quy-nhon,virginia-beach,97,93
quy-nhon,bellport,82,19
quy-nhon,bilbao,86,68
quy-nhon,bude,59,13
quy-nhon,sines,84,52
quy-nhon,carcavelos,64,14
quy-nhon,marseille,53,10
quy-nhon,accra,77,40
quy-nhon,lagos,78,40
quy-nhon,yzerfontein,69,24
quy-nhon,maputo,60,19
quy-nhon,mombasa,38,16
quy-nhon,djibouti,30,9
quy-nhon,jeddah,32,8
quy-nhon,mumbai,17,4
quy-nhon,singapore,5,2
quy-nhon,perth,18,3
quy-nhon,sydney,29,9
quy-nhon,auckland,43,10
quy-nhon,los-angeles,57,5
quy-nhon,chiba,12,4
quy-nhon,dakar,75,33
quy-nhon,gran-canaria,70,26
quy-nhon,abidjan,80,42
quy-nhon,lome,76,40
quy-nhon,libreville,83,53
quy-nhon,pointe-noire,81,47
quy-nhon,luanda,79,42
quy-nhon,swakopmund,73,39
quy-nhon,gqeberha,67,23
quy-nhon,amanzimtoti,65,21
quy-nhon,dar-es-salaam,41,17
quy-nhon,moroni,44,18
quy-nhon,mahajanga,55,25
quy-nhon,nacala,49,20
quy-nhon,carana,58,32
quy-nhon,mogadishu,37,17
quy-nhon,berbera,33,12
quy-nhon,port-sudan,34,10
quy-nhon,suez,35,9
quy-nhon,port-said,36,12
quy-nhon,tympaki,40,13
quy-nhon,barcelona,56,14
quy-nhon,genoa,54,20
quy-nhon,salalah,24,8
quy-nhon,barka,26,17
quy-nhon,abu-dhabi,27,18
quy-nhon,doha,31,19
quy-nhon,manama,28,16
quy-nhon,al-faw,25,9
quy-nhon,karachi,20,6
quy-nhon,catania,45,11
quy-nhon,matara,13,3
quy-nhon,kuakata,14,6
quy-nhon,ngwe-saung,11,4
quy-nhon,melaka,6,3
quy-nhon,medan,7,3
quy-nhon,fujairah,22,7
quy-nhon,hong-kong,2,2
quy-nhon,shantou,4,2
quy-nhon,batangas,3,2
quy-nhon,sriracha,10,3
quy-nhon,vung-tau,8,3
quy-nhon,brunei,9,4
quy-nhon,davao,21,12
quy-nhon,guam,15,4
quy-nhon,yap,16,6
quy-nhon,palau,19,11
quy-nhon,makaha,39,7
quy-nhon,kauditan,23,16
quy-nhon,port-moresby,46,21
quy-nhon,honiara,47,20
quy-nhon,auki,48,21
quy-nhon,noro,50,21
quy-nhon,taro,52,21
quy-nhon,nukunonu,63,18
quy-nhon,mangawhai,42,11
quy-nhon,pago-pago,62,17
quy-nhon,neiafu,66,22
quy-nhon,suva,51,16
quy-nhon,apia,61,18
quy-nhon,rarotonga,68,22
quy-nhon,aitutaki,71,23
quy-nhon,alofi,74,33
quy-nhon,tahiti,72,23
quy-nhon,ireland-west,85,60
quy-nhon,iceland,87,61
quy-nhon,nuuk,89,71
quy-nhon,qaqortoq,92,74
quy-nhon,milton-nl,95,82
quy-nhon,maniitsoq,90,74
quy-nhon,sisimiut,91,75
quy-nhon,aasiaat,93,78
quy-nhon,faroe-islands,88,64
vung-tau,las-toninas,99,88
vung-tau,punta-del-este,98,87
vung-tau,praia-grande,96,86
vung-tau,fortaleza,94,71
vung-tau,myrtle-beach,100,98
vung-tau,virginia-beach,97,93
vung-tau,bellport,82,19
vung-tau,bilbao,86,68
vung-tau,bude,58,12
vung-tau,sines,84,51
vung-tau,carcavelos,63,14
vung-tau,marseille,53,10
vung-tau,accra,77,40
vung-tau,lagos,78,40
vung-tau,yzerfontein,69,23
vung-tau,maputo,59,18
vung-tau,mombasa,38,13
vung-tau,djibouti,30,8
vung-tau,jeddah,32,7
vung-tau,mumbai,17,3
vung-tau,singapore,3,2
vung-tau,perth,18,3
vung-tau,sydney,29,6
vung-tau,auckland,43,7
vung-tau,los-angeles,65,5
vung-tau,chiba,15,3
vung-tau,dakar,75,32
vung-tau,gran-canaria,70,25
vung-tau,abidjan,80,42
vung-tau,lome,76,40
vung-tau,libreville,83,53
vung-tau,pointe-noire,81,46
vung-tau,luanda,79,42
vung-tau,swakopmund,73,39
vung-tau,gqeberha,67,22
vung-tau,amanzimtoti,64,20
vung-tau,dar-es-salaam,41,15
vung-tau,moroni,44,17
vung-tau,mahajanga,55,25
vung-tau,nacala,49,19
vung-tau,carana,57,32
vung-tau,mogadishu,37,15
vung-tau,berbera,33,11
vung-tau,port-sudan,34,9
vung-tau,suez,35,7
vung-tau,port-said,36,10
vung-tau,tympaki,39,12
vung-tau,barcelona,56,14
vung-tau,genoa,54,19
vung-tau,salalah,24,7
vung-tau,barka,26,16
vung-tau,abu-dhabi,27,17
vung-tau,doha,31,18
vung-tau,manama,28,15
vung-tau,al-faw,25,7
vung-tau,karachi,20,5
vung-tau,catania,45,10
vung-tau,matara,12,3
vung-tau,kuakata,13,4
vung-tau,ngwe-saung,11,3
vung-tau,melaka,4,3
vung-tau,medan,6,3
vung-tau,fujairah,22,6
vung-tau,hong-kong,5,2
vung-tau,shantou,7,3
vung-tau,batangas,10,5
vung-tau,sriracha,8,3
vung-tau,quy-nhon,9,4
vung-tau,brunei,2,2
vung-tau,davao,21,12
vung-tau,guam,14,2
vung-tau,yap,16,7
vung-tau,palau,19,10
vung-tau,makaha,40,3
vung-tau,kauditan,23,16
vung-tau,port-moresby,46,21
vung-tau,honiara,47,20
vung-tau,auki,48,21
vung-tau,noro,50,21
vung-tau,taro,52,21
vung-tau,nukunonu,62,18
vung-tau,mangawhai,42,7
vung-tau,pago-pago,61,17
vung-tau,neiafu,66,22
vung-tau,suva,51,15
vung-tau,apia,60,18
vung-tau,rarotonga,68,22
vung-tau,aitutaki,71,23
vung-tau,alofi,74,33
vung-tau,tahiti,72,23
vung-tau,ireland-west,85,60
vung-tau,iceland,87,61
vung-tau,nuuk,89,71
vung-tau,qaqortoq,92,74
vung-tau,milton-nl,95,82
vung-tau,maniitsoq,90,74
vung-tau,sisimiut,91,75
vung-tau,aasiaat,93,78
vung-tau,faroe-islands,88,64
brunei,las-toninas,99,88
brunei,punta-del-este,98,87
brunei,praia-grande,96,86
brunei,fortaleza,94,71
brunei,myrtle-beach,100,98
brunei,virginia-beach,97,93
brunei,bellport,82,21
brunei,bilbao,86,68
brunei,bude,58,12
brunei,sines,84,52
brunei,carcavelos,64,14
brunei,marseille,53,10
brunei,accra,77,39
brunei,lagos,78,40
brunei,yzerfontein,69,22
brunei,maputo,59,16
brunei,mombasa,39,13
brunei,djibouti,30,10
brunei,jeddah,32,9
brunei,mumbai,17,5
brunei,singapore,3,2
brunei,perth,18,3
brunei,sydney,29,6
brunei,auckland,43,9
brunei,los-angeles,63,3
brunei,chiba,19,4
brunei,dakar,75,31
brunei,gran-canaria,70,24
brunei,abidjan,80,41
brunei,lome,76,40
brunei,libreville,83,53
brunei,pointe-noire,81,46
brunei,luanda,79,42
brunei,swakopmund,73,38
brunei,gqeberha,67,21
brunei,amanzimtoti,65,19
brunei,dar-es-salaam,41,14
brunei,moroni,44,15
brunei,mahajanga,55,24
brunei,nacala,49,17
brunei,carana,57,32
brunei,mogadishu,38,14
brunei,berbera,33,12
brunei,port-sudan,34,11
brunei,suez,35,9
brunei,port-said,37,12
brunei,tympaki,40,13
brunei,barcelona,56,14
brunei,genoa,54,19
brunei,salalah,24,9
brunei,barka,26,14
brunei,abu-dhabi,27,15
brunei,doha,31,16
brunei,manama,28,15
brunei,al-faw,25,9
brunei,karachi,21,7
brunei,catania,45,11
brunei,matara,12,3
brunei,kuakata,14,6
brunei,ngwe-saung,10,5
brunei,melaka,4,3
brunei,medan,6,3
brunei,fujairah,23,8
brunei,hong-kong,7,3
brunei,shantou,9,4
brunei,batangas,13,7
brunei,sriracha,5,2
brunei,quy-nhon,8,5
brunei,vung-tau,2,2
brunei,davao,20,12
brunei,guam,11,2
brunei,yap,15,3
brunei,palau,16,5
brunei,makaha,36,3
brunei,kauditan,22,15
brunei,port-moresby,46,21
brunei,honiara,47,20
brunei,auki,48,21
brunei,noro,50,21
brunei,taro,52,21
brunei,nukunonu,62,19
brunei,mangawhai,42,9
brunei,pago-pago,61,16
brunei,neiafu,66,24
brunei,suva,51,16
brunei,apia,60,17
brunei,rarotonga,68,24
brunei,aitutaki,71,25
brunei,alofi,74,33
brunei,tahiti,72,23
brunei,ireland-west,85,60
brunei,iceland,87,61
brunei,nuuk,89,71
brunei,qaqortoq,92,74
brunei,milton-nl,95,82
brunei,maniitsoq,90,74
brunei,sisimiut,91,75
brunei,aasiaat,93,78
brunei,faroe-islands,88,64
davao,las-toninas,99,88
davao,punta-del-este,98,87
davao,praia-grande,96,86
davao,fortaleza,94,73
davao,myrtle-beach,100,98
davao,virginia-beach,97,93
davao,bellport,82,24
davao,bilbao,86,69
davao,bude,61,20
davao,sines,84,54
davao,carcavelos,65,22
davao,marseille,56,18
davao,accra,77,46
davao,lagos,78,46
davao,yzerfontein,69,29
davao,maputo,62,24
davao,mombasa,43,21
davao,djibouti,34,18
davao,jeddah,36,17
davao,mumbai,21,13
davao,singapore,11,6
davao,perth,22,8
davao,sydney,33,15
davao,auckland,46,20
davao,los-angeles,24,3
davao,chiba,17,7
davao,dakar,75,39
davao,gran-canaria,70,32
davao,abidjan,80,48
davao,lome,76,46
davao,libreville,83,58
davao,pointe-noire,81,52
davao,luanda,79,48
davao,swakopmund,73,44
davao,gqeberha,67,28
davao,amanzimtoti,66,26
davao,dar-es-salaam,45,22
davao,moroni,47,23
davao,mahajanga,58,30
davao,nacala,52,25
davao,carana,60,37
davao,mogadishu,41,22
davao,berbera,37,20
davao,port-sudan,38,19
davao,suez,39,17
davao,port-said,40,20
davao,tympaki,44,21
davao,barcelona,59,22
davao,genoa,57,27
davao,salalah,27,17
davao,barka,30,22
davao,abu-dhabi,31,23
davao,doha,35,24
davao,manama,32,23
davao,al-faw,29,17
davao,karachi,23,15
davao,catania,48,19
davao,matara,19,10
davao,kuakata,20,14
davao,ngwe-saung,18,13
davao,melaka,14,8
davao,medan,15,9
davao,fujairah,26,16
davao,hong-kong,6,6
davao,shantou,8,7
davao,batangas,13,9
davao,sriracha,12,6
davao,quy-nhon,10,7
davao,vung-tau,9,6
davao,brunei,7,6
davao,guam,5,2
davao,yap,4,3
davao,palau,3,2
davao,makaha,16,3
davao,kauditan,2,2
davao,port-moresby,49,22
davao,honiara,50,23
davao,auki,51,24
davao,noro,53,24
davao,taro,55,24
davao,nukunonu,64,24
davao,mangawhai,42,13
davao,pago-pago,25,7
davao,neiafu,28,7
davao,suva,54,22
davao,apia,63,24
davao,rarotonga,68,27
davao,aitutaki,71,28
davao,alofi,74,34
davao,tahiti,72,27
davao,ireland-west,85,61
davao,iceland,87,63
davao,nuuk,89,74
davao,qaqortoq,92,77
davao,milton-nl,95,83
davao,maniitsoq,90,76
davao,sisimiut,91,77
davao,aasiaat,93,79
davao,faroe-islands,88,66
guam,las-toninas,99,88
guam,punta-del-este,98,87
guam,praia-grande,96,86
guam,fortaleza,94,73
guam,myrtle-beach,100,98
guam,virginia-beach,97,93
guam,bellport,82,24
guam,bilbao,86,69
guam,bude,61,20
guam,sines,84,54
guam,carcavelos,65,22
guam,marseille,56,18
guam,accra,77,46
guam,lagos,78,46
guam,yzerfontein,69,29
guam,maputo,62,24
guam,mombasa,43,21
guam,djibouti,34,17
guam,jeddah,36,16
guam,mumbai,21,12
guam,singapore,11,2
guam,perth,22,8
guam,sydney,33,15
guam,auckland,46,20
guam,los-angeles,24,2
guam,chiba,17,6
guam,dakar,75,39
guam,gran-canaria,70,32
guam,abidjan,80,48
guam,lome,76,46
guam,libreville,83,58
guam,pointe-noire,81,52
guam,luanda,79,48
guam,swakopmund,73,44
guam,gqeberha,67,28
guam,amanzimtoti,66,26
guam,dar-es-salaam,45,22
guam,moroni,47,23
guam,mahajanga,58,30
guam,nacala,52,25
guam,carana,60,37
guam,mogadishu,41,22
guam,berbera,37,20
guam,port-sudan,38,18
guam,suez,39,16
guam,port-said,40,19
guam,tympaki,44,21
guam,barcelona,59,22
guam,genoa,57,27
guam,salalah,27,16
guam,barka,30,22
guam,abu-dhabi,31,23
guam,doha,35,24
guam,manama,32,23
guam,al-faw,29,16
guam,karachi,23,14
guam,catania,48,19
guam,matara,19,9
guam,kuakata,20,14
guam,ngwe-saung,18,13
guam,melaka,14,6
guam,medan,15,8
guam,fujairah,26,15
guam,hong-kong,6,2
guam,shantou,8,4
guam,batangas,13,9
guam,sriracha,12,2
guam,quy-nhon,10,6
guam,vung-tau,9,2
guam,brunei,7,2
guam,davao,4,2
guam,yap,2,2
guam,palau,3,3
guam,makaha,16,2
guam,kauditan,5,5
guam,port-moresby,49,22
guam,honiara,50,23
guam,auki,51,24
guam,noro,53,24
guam,taro,55,24
guam,nukunonu,64,24
guam,mangawhai,42,13
guam,pago-pago,25,7
guam,neiafu,28,7
guam,suva,54,22
guam,apia,63,24
guam,rarotonga,68,27
guam,aitutaki,71,28
guam,alofi,74,34
guam,tahiti,72,27
guam,ireland-west,85,61
guam,iceland,87,63
guam,nuuk,89,74
guam,qaqortoq,92,77
guam,milton-nl,95,83
guam,maniitsoq,90,76
guam,sisimiut,91,77
guam,aasiaat,93,79
guam,faroe-islands,88,66
yap,las-toninas,99,88
yap,punta-del-este,98,87
yap,praia-grande,96,86
yap,fortaleza,94,73
yap,myrtle-beach,100,98
yap,virginia-beach,97,93
yap,bellport,82,24
yap,bilbao,86,69
yap,bude,61,20
yap,sines,84,54
yap,carcavelos,65,22
yap,marseille,56,18
yap,accra,77,46
yap,lagos,78,46
yap,yzerfontein,69,29
yap,maputo,62,24
yap,mombasa,43,21
yap,djibouti,34,18
yap,jeddah,36,17
yap,mumbai,21,13
yap,singapore,11,6
yap,perth,22,8
yap,sydney,33,15
yap,auckland,46,20
yap,los-angeles,24,3
yap,chiba,17,7
yap,dakar,75,39
yap,gran-canaria,70,32
yap,abidjan,80,48
yap,lome,76,46
yap,libreville,83,58
yap,pointe-noire,81,52
yap,luanda,79,48
yap,swakopmund,73,44
yap,gqeberha,67,28
yap,amanzimtoti,66,26
yap,dar-es-salaam,45,22
yap,moroni,47,23
yap,mahajanga,58,30
yap,nacala,52,25
yap,carana,60,37
yap,mogadishu,41,22
yap,berbera,37,20
yap,port-sudan,38,19
yap,suez,39,17
yap,port-said,40,20
yap,tympaki,44,21
yap,barcelona,59,22
yap,genoa,57,27
yap,salalah,27,17
yap,barka,30,22
yap,abu-dhabi,31,23
yap,doha,35,24
yap,manama,32,23
yap,al-faw,29,17
yap,karachi,23,15
yap,catania,48,19
yap,matara,19,10
yap,kuakata,20,14
yap,ngwe-saung,18,13
yap,melaka,14,8
yap,medan,15,9
yap,fujairah,26,16
yap,hong-kong,6,5
yap,shantou,8,6
yap,batangas,13,9
yap,sriracha,12,6
yap,quy-nhon,10,7
yap,vung-tau,9,6
yap,brunei,7,6
yap,davao,4,3
yap,guam,3,2
yap,palau,2,2
yap,makaha,16,3
yap,kauditan,5,4
yap,port-moresby,49,22
yap,honiara,50,23
yap,auki,51,24
yap,noro,53,24
yap,taro,55,24
yap,nukunonu,64,24
yap,mangawhai,42,13
yap,pago-pago,25,7
yap,neiafu,28,7
yap,suva,54,22
yap,apia,63,24
yap,rarotonga,68,27
yap,aitutaki,71,28
yap,alofi,74,34
yap,tahiti,72,27
yap,ireland-west,85,61
yap,iceland,87,63
yap,nuuk,89,74
yap,qaqortoq,92,77
yap,milton-nl,95,83
yap,maniitsoq,90,76
yap,sisimiut,91,77
yap,aasiaat,93,79
yap,faroe-islands,88,66
palau,las-toninas,99,88
palau,punta-del-este,98,87
palau,praia-grande,96,86
palau,fortaleza,94,73
palau,myrtle-beach,100,98
palau,virginia-beach,97,93
palau,bellport,82,24
palau,bilbao,86,69
palau,bude,61,20
palau,sines,84,54
palau,carcavelos,65,22
palau,marseille,56,18
palau,accra,77,46
palau,lagos,78,46
palau,yzerfontein,69,29
palau,maputo,62,24
palau,mombasa,43,21
palau,djibouti,34,18
palau,jeddah,36,17
palau,mumbai,21,13
palau,singapore,11,6
palau,perth,22,8
palau,sydney,33,15
palau,auckland,46,20
palau,los-angeles,24,4
palau,chiba,17,7
palau,dakar,75,39
palau,gran-canaria,70,32
palau,abidjan,80,48
palau,lome,76,46
palau,libreville,83,58
palau,pointe-noire,81,52
palau,luanda,79,48
palau,swakopmund,73,44
palau,gqeberha,67,28
palau,amanzimtoti,66,26
palau,dar-es-salaam,45,22
palau,moroni,47,23
palau,mahajanga,58,30
palau,nacala,52,25
palau,carana,60,37
palau,mogadishu,41,22
palau,berbera,37,20
palau,port-sudan,38,19
palau,suez,39,17
palau,port-said,40,20
palau,tympaki,44,21
palau,barcelona,59,22
palau,genoa,57,27
palau,salalah,27,17
palau,barka,30,22
palau,abu-dhabi,31,23
palau,doha,35,24
palau,manama,32,23
palau,al-faw,29,17
palau,karachi,23,15
palau,catania,48,19
palau,matara,19,10
palau,kuakata,20,14
palau,ngwe-saung,18,13
palau,melaka,14,8
palau,medan,15,9
palau,fujairah,26,16
palau,hong-kong,6,6
palau,shantou,8,7
palau,batangas,13,9
palau,sriracha,12,6
palau,quy-nhon,10,7
palau,vung-tau,9,6
palau,brunei,7,6
palau,davao,3,2
palau,guam,4,3
palau,yap,2,2
palau,makaha,16,4
palau,kauditan,5,3
palau,port-moresby,49,22
palau,honiara,50,23
palau,auki,51,24
palau,noro,53,24
palau,taro,55,24
palau,nukunonu,64,24
palau,mangawhai,42,13
palau,pago-pago,25,7
palau,neiafu,28,7
palau,suva,54,22
palau,apia,63,24
palau,rarotonga,68,27
palau,aitutaki,71,28
palau,alofi,74,34
palau,tahiti,72,27
palau,ireland-west,85,61
palau,iceland,87,63
palau,nuuk,89,74
palau,qaqortoq,92,77
palau,milton-nl,95,83
palau,maniitsoq,90,76
palau,sisimiut,91,77
palau,aasiaat,93,79
palau,faroe-islands,88,66
makaha,las-toninas,99,88
makaha,punta-del-este,98,87
makaha,praia-grande,96,86
makaha,fortaleza,94,85
makaha,myrtle-beach,100,98
makaha,virginia-beach,97,93
makaha,bellport,82,40
makaha,bilbao,86,85
makaha,bude,67,23
makaha,sines,84,66
makaha,carcavelos,69,25
makaha,marseille,62,20
makaha,accra,77,52
makaha,lagos,78,52
makaha,yzerfontein,72,35
makaha,maputo,68,30
makaha,mombasa,56,22
makaha,djibouti,48,18
makaha,jeddah,50,17
makaha,mumbai,36,13
makaha,singapore,17,3
makaha,perth,27,5
makaha,sydney,9,3
makaha,auckland,16,6
makaha,los-angeles,41,5
makaha,chiba,29,8
makaha,dakar,75,43
makaha,gran-canaria,73,35
makaha,abidjan,80,54
makaha,lome,76,52
makaha,libreville,83,65
makaha,pointe-noire,81,59
makaha,luanda,79,55
makaha,swakopmund,74,51
makaha,gqeberha,71,34
makaha,amanzimtoti,70,32
makaha,dar-es-salaam,58,23
makaha,moroni,59,29
makaha,mahajanga,64,36
makaha,nacala,61,31
makaha,carana,66,43
makaha,mogadishu,55,23
makaha,berbera,51,21
makaha,port-sudan,52,19
makaha,suez,53,17
makaha,port-said,54,20
makaha,tympaki,57,22
makaha,barcelona,65,24
makaha,genoa,63,29
makaha,salalah,43,17
makaha,barka,45,23
makaha,abu-dhabi,46,24
makaha,doha,49,25
makaha,manama,47,24
makaha,al-faw,44,17
makaha,karachi,39,15
makaha,catania,60,20
makaha,matara,33,10
makaha,kuakata,34,15
makaha,ngwe-saung,30,14
makaha,melaka,20,7
makaha,medan,22,9
makaha,fujairah,42,16
makaha,hong-kong,11,3
makaha,shantou,13,5
makaha,batangas,19,10
makaha,sriracha,18,3
makaha,quy-nhon,15,7
makaha,vung-tau,14,3
makaha,brunei,12,3
makaha,davao,8,3
makaha,guam,4,2
makaha,yap,5,3
makaha,palau,7,4
makaha,kauditan,10,6
makaha,port-moresby,21,10
makaha,honiara,23,9
makaha,auki,24,10
makaha,noro,25,10
makaha,taro,28,10
makaha,nukunonu,32,9
makaha,mangawhai,6,2
makaha,pago-pago,2,2
makaha,neiafu,3,2
makaha,suva,26,7
makaha,apia,31,8
makaha,rarotonga,35,10
makaha,aitutaki,37,12
makaha,alofi,40,18
makaha,tahiti,38,10
makaha,ireland-west,85,77
makaha,iceland,87,78
makaha,nuuk,89,80
makaha,qaqortoq,92,82
makaha,milton-nl,95,87
makaha,maniitsoq,90,81
makaha,sisimiut,91,82
makaha,aasiaat,93,83
makaha,faroe-islands,88,81
kauditan,las-toninas,99,88
kauditan,punta-del-este,98,87
kauditan,praia-grande,96,86
kauditan,fortaleza,94,73
kauditan,myrtle-beach,100,98
kauditan,virginia-beach,97,93
kauditan,bellport,82,24
kauditan,bilbao,86,69
kauditan,bude,61,20
kauditan,sines,84,54
kauditan,carcavelos,65,22
kauditan,marseille,56,18
kauditan,accra,77,46
kauditan,lagos,78,46
kauditan,yzerfontein,69,29
kauditan,maputo,62,24
kauditan,mombasa,43,21
kauditan,djibouti,34,18
kauditan,jeddah,36,17
kauditan,mumbai,21,13
kauditan,singapore,11,6
kauditan,perth,22,8
kauditan,sydney,33,15
kauditan,auckland,46,20
kauditan,los-angeles,24,2
kauditan,chiba,17,7
kauditan,dakar,75,39
kauditan,gran-canaria,70,32
kauditan,abidjan,80,48
kauditan,lome,76,46
kauditan,libreville,83,58
kauditan,pointe-noire,81,52
kauditan,luanda,79,48
kauditan,swakopmund,73,44
kauditan,gqeberha,67,28
kauditan,amanzimtoti,66,26
kauditan,dar-es-salaam,45,22
kauditan,moroni,47,23
kauditan,mahajanga,58,30
kauditan,nacala,52,25
kauditan,carana,60,37
kauditan,mogadishu,41,22
kauditan,berbera,37,20
kauditan,port-sudan,38,19
kauditan,suez,39,17
kauditan,port-said,40,20
kauditan,tympaki,44,21
kauditan,barcelona,59,22
kauditan,genoa,57,27
kauditan,salalah,27,17
kauditan,barka,30,22
kauditan,abu-dhabi,31,23
kauditan,doha,35,24
kauditan,manama,32,23
kauditan,al-faw,29,17
kauditan,karachi,23,15
kauditan,catania,48,19
kauditan,matara,19,10
kauditan,kuakata,20,14
kauditan,ngwe-saung,18,13
kauditan,melaka,14,8
kauditan,medan,15,9
kauditan,fujairah,26,16
kauditan,hong-kong,6,6
kauditan,shantou,8,7
kauditan,batangas,13,9
kauditan,sriracha,12,6
kauditan,quy-nhon,10,7
kauditan,vung-tau,9,6
kauditan,brunei,7,6
kauditan,davao,2,2
kauditan,guam,5,3
kauditan,yap,4,4
kauditan,palau,3,3
kauditan,makaha,16,4
kauditan,port-moresby,49,22
kauditan,honiara,50,23
kauditan,auki,51,24
kauditan,noro,53,24
kauditan,taro,55,24
kauditan,nukunonu,64,24
kauditan,mangawhai,42,13
kauditan,pago-pago,25,7
kauditan,neiafu,28,7
kauditan,suva,54,22
kauditan,apia,63,24
kauditan,rarotonga,68,27
kauditan,aitutaki,71,28
kauditan,alofi,74,34
kauditan,tahiti,72,27
kauditan,ireland-west,85,61
kauditan,iceland,87,63
kauditan,nuuk,89,74
kauditan,qaqortoq,92,77
kauditan,milton-nl,95,83
kauditan,maniitsoq,90,76
kauditan,sisimiut,91,77
kauditan,aasiaat,93,79
kauditan,faroe-islands,88,66
port-moresby,las-toninas,99,88
port-moresby,punta-del-este,98,87
port-moresby,praia-grande,96,86
port-moresby,fortaleza,94,82
port-moresby,myrtle-beach,100,98
port-moresby,virginia-beach,97,93
port-moresby,bellport,82,37
port-moresby,bilbao,86,85
port-moresby,bude,67,16
port-moresby,sines,84,68
port-moresby,carcavelos,69,18
port-moresby,marseille,62,14
port-moresby,accra,77,50
port-moresby,lagos,78,50
port-moresby,yzerfontein,72,36
port-moresby,maputo,68,26
port-moresby,mombasa,56,21
port-moresby,djibouti,47,14
port-moresby,jeddah,49,13
port-moresby,mumbai,33,9
port-moresby,singapore,18,8
port-moresby,perth,10,3
port-moresby,sydney,6,2
port-moresby,auckland,8,4
port-moresby,los-angeles,36,7
port-moresby,chiba,37,15
port-moresby,dakar,75,44
port-moresby,gran-canaria,73,29
port-moresby,abidjan,80,58
port-moresby,lome,76,49
port-moresby,libreville,83,68
port-moresby,pointe-noire,81,62
port-moresby,luanda,79,57
port-moresby,swakopmund,74,51
port-moresby,gqeberha,71,34
port-moresby,amanzimtoti,70,30
port-moresby,dar-es-salaam,58,22
port-moresby,moroni,59,24
port-moresby,mahajanga,64,32
port-moresby,nacala,61,27
port-moresby,carana,66,41
port-moresby,mogadishu,55,20
port-moresby,berbera,50,17
port-moresby,port-sudan,52,15
port-moresby,suez,53,13
port-moresby,port-said,54,16
port-moresby,tympaki,57,17
port-moresby,barcelona,65,18
port-moresby,genoa,63,23
port-moresby,salalah,40,13
port-moresby,barka,43,20
port-moresby,abu-dhabi,45,21
port-moresby,doha,48,22
port-moresby,manama,46,20
port-moresby,al-faw,42,13
port-moresby,karachi,35,11
port-moresby,catania,60,15
port-moresby,matara,29,9
port-moresby,kuakata,30,10
port-moresby,ngwe-saung,27,9
port-moresby,melaka,20,9
port-moresby,medan,21,9
port-moresby,fujairah,39,12
port-moresby,hong-kong,28,9
port-moresby,shantou,32,10
port-moresby,batangas,31,13
port-moresby,sriracha,24,9
port-moresby,quy-nhon,26,9
port-moresby,vung-tau,22,9
port-moresby,brunei,23,9
port-moresby,davao,44,28
port-moresby,guam,34,17
port-moresby,yap,38,25
port-moresby,palau,41,27
port-moresby,makaha,25,11
port-moresby,kauditan,51,34
port-moresby,honiara,2,2
port-moresby,auki,3,3
port-moresby,noro,4,3
port-moresby,taro,5,3
port-moresby,nukunonu,13,8
port-moresby,mangawhai,7,5
port-moresby,pago-pago,12,7
port-moresby,neiafu,14,12
port-moresby,suva,9,7
port-moresby,apia,11,8
port-moresby,rarotonga,15,12
port-moresby,aitutaki,16,13
port-moresby,alofi,19,16
port-moresby,tahiti,17,12
port-moresby,ireland-west,85,77
port-moresby,iceland,87,78
port-moresby,nuuk,89,80
port-moresby,qaqortoq,92,82
port-moresby,milton-nl,95,87
port-moresby,maniitsoq,90,81
port-moresby,sisimiut,91,82
port-moresby,aasiaat,93,83
port-moresby,faroe-islands,88,81
honiara,las-toninas,99,88
honiara,punta-del-este,98,87
honiara,praia-grande,96,86
honiara,fortaleza,94,82
honiara,myrtle-beach,100,98
honiara,virginia-beach,97,93
honiara,bellport,82,37
honiara,bilbao,86,85
honiara,bude,67,16
honiara,sines,84,68
honiara,carcavelos,69,18
honiara,marseille,62,14
honiara,accra,77,50
honiara,lagos,78,50
honiara,yzerfontein,72,36
honiara,maputo,68,26
honiara,mombasa,56,21
honiara,djibouti,47,14
honiara,jeddah,49,13
honiara,mumbai,33,9
honiara,singapore,18,8
honiara,perth,10,7
honiara,sydney,6,2
honiara,auckland,8,6
honiara,los-angeles,36,7
honiara,chiba,37,15
honiara,dakar,75,44
honiara,gran-canaria,73,29
honiara,abidjan,80,58
honiara,lome,76,49
honiara,libreville,83,68
honiara,pointe-noire,81,62
honiara,luanda,79,57
honiara,swakopmund,74,51
honiara,gqeberha,71,34
honiara,amanzimtoti,70,30
honiara,dar-es-salaam,58,22
honiara,moroni,59,24
honiara,mahajanga,64,32
honiara,nacala,61,27
honiara,carana,66,41
honiara,mogadishu,55,20
honiara,berbera,50,17
honiara,port-sudan,52,15
honiara,suez,53,13
honiara,port-said,54,16
honiara,tympaki,57,17
honiara,barcelona,65,18
honiara,genoa,63,23
honiara,salalah,40,13
honiara,barka,43,20
honiara,abu-dhabi,45,21
honiara,doha,48,22
honiara,manama,46,20
honiara,al-faw,42,13
honiara,karachi,35,11
honiara,catania,60,15
honiara,matara,29,9
honiara,kuakata,30,10
honiara,ngwe-saung,27,9
honiara,melaka,20,9
honiara,medan,21,9
honiara,fujairah,39,12
honiara,hong-kong,28,9
honiara,shantou,32,10
honiara,batangas,31,13
honiara,sriracha,24,9
honiara,quy-nhon,26,9
honiara,vung-tau,22,9
honiara,brunei,23,9
honiara,davao,44,28
honiara,guam,34,17
honiara,yap,38,25
honiara,palau,41,27
honiara,makaha,25,11
honiara,kauditan,51,34
honiara,port-moresby,5,2
honiara,auki,2,2
honiara,noro,3,2
honiara,taro,4,2
honiara,nukunonu,13,8
honiara,mangawhai,7,6
honiara,pago-pago,12,7
honiara,neiafu,14,12
honiara,suva,9,7
honiara,apia,11,8
honiara,rarotonga,15,12
honiara,aitutaki,16,13
honiara,alofi,19,16
honiara,tahiti,17,12
honiara,ireland-west,85,77
honiara,iceland,87,78
honiara,nuuk,89,80
honiara,qaqortoq,92,82
honiara,milton-nl,95,87
honiara,maniitsoq,90,81
honiara,sisimiut,91,82
honiara,aasiaat,93,83
honiara,faroe-islands,88,81
auki,las-toninas,99,88
auki,punta-del-este,98,87
auki,praia-grande,96,86
auki,fortaleza,94,82
auki,myrtle-beach,100,98
auki,virginia-beach,97,93
auki,bellport,82,37
auki,bilbao,86,85
auki,bude,67,16
auki,sines,84,68
auki,carcavelos,69,18
auki,marseille,62,14
auki,accra,77,50
auki,lagos,78,50
auki,yzerfontein,72,36
auki,maputo,68,26
auki,mombasa,56,21
auki,djibouti,47,14
auki,jeddah,49,13
auki,mumbai,33,9
auki,singapore,18,8
auki,perth,10,7
auki,sydney,6,3
auki,auckland,8,6
auki,los-angeles,36,7
auki,chiba,37,15
auki,dakar,75,44
auki,gran-canaria,73,29
auki,abidjan,80,58
auki,lome,76,49
auki,libreville,83,68
auki,pointe-noire,81,62
auki,luanda,79,57
auki,swakopmund,74,51
auki,gqeberha,71,34
auki,amanzimtoti,70,30
auki,dar-es-salaam,58,22
auki,moroni,59,24
auki,mahajanga,64,32
auki,nacala,61,27
auki,carana,66,41
auki,mogadishu,55,20
auki,berbera,50,17
auki,port-sudan,52,15
auki,suez,53,13
auki,port-said,54,16
auki,tympaki,57,17
auki,barcelona,65,18
auki,genoa,63,23
auki,salalah,40,13
auki,barka,43,20
auki,abu-dhabi,45,21
auki,doha,48,22
auki,manama,46,20
auki,al-faw,42,13
auki,karachi,35,11
auki,catania,60,15
auki,matara,29,9
auki,kuakata,30,10
auki,ngwe-saung,27,9
auki,melaka,20,9
auki,medan,21,9
auki,fujairah,39,12
auki,hong-kong,28,9
auki,shantou,32,10
auki,batangas,31,13
auki,sriracha,24,9
auki,quy-nhon,26,9
auki,vung-tau,22,9
auki,brunei,23,9
auki,davao,44,28
auki,guam,34,17
auki,yap,38,25
auki,palau,41,27
auki,makaha,25,11
auki,kauditan,51,34
auki,port-moresby,5,4
auki,honiara,2,2
auki,noro,3,2
auki,taro,4,2
auki,nukunonu,13,8
auki,mangawhai,7,6
auki,pago-pago,12,7
auki,neiafu,14,12
auki,suva,9,7
auki,apia,11,8
auki,rarotonga,15,12
auki,aitutaki,16,13
auki,alofi,19,16
auki,tahiti,17,12
auki,ireland-west,85,77
auki,iceland,87,78
auki,nuuk,89,80
auki,qaqortoq,92,82
auki,milton-nl,95,87
auki,maniitsoq,90,81
auki,sisimiut,91,82
auki,aasiaat,93,83
auki,faroe-islands,88,81
noro,las-toninas,99,88
noro,punta-del-este,98,87
noro,praia-grande,96,86
noro,fortaleza,94,82
noro,myrtle-beach,100,98
noro,virginia-beach,97,93
noro,bellport,82,37
noro,bilbao,86,85
noro,bude,67,16
noro,sines,84,68
noro,carcavelos,69,18
noro,marseille,62,14
noro,accra,77,50
noro,lagos,78,50
noro,yzerfontein,72,36
noro,maputo,68,26
noro,mombasa,56,21
noro,djibouti,47,14
noro,jeddah,49,13
noro,mumbai,33,9
noro,singapore,18,8
noro,perth,10,7
noro,sydney,6,3
noro,auckland,8,6
noro,los-angeles,36,7
noro,chiba,37,15
noro,dakar,75,44
noro,gran-canaria,73,29
noro,abidjan,80,58
noro,lome,76,49
noro,libreville,83,68
noro,pointe-noire,81,62
noro,luanda,79,57
noro,swakopmund,74,51
noro,gqeberha,71,34
noro,amanzimtoti,70,30
noro,dar-es-salaam,58,22
noro,moroni,59,24
noro,mahajanga,64,32
noro,nacala,61,27
noro,carana,66,41
noro,mogadishu,55,20
noro,berbera,50,17
noro,port-sudan,52,15
noro,suez,53,13
noro,port-said,54,16
noro,tympaki,57,17
noro,barcelona,65,18
noro,genoa,63,23
noro,salalah,40,13
noro,barka,43,20
noro,abu-dhabi,45,21
noro,doha,48,22
noro,manama,46,20
noro,al-faw,42,13
noro,karachi,35,11
noro,catania,60,15
noro,matara,29,9
noro,kuakata,30,10
noro,ngwe-saung,27,9
noro,melaka,20,9
noro,medan,21,9
noro,fujairah,39,12
noro,hong-kong,28,9
noro,shantou,32,10
noro,batangas,31,13
noro,sriracha,24,9
noro,quy-nhon,26,9
noro,vung-tau,22,9
noro,brunei,23,9
noro,davao,44,28
noro,guam,34,17
noro,yap,38,25
noro,palau,41,27
noro,makaha,25,11
noro,kauditan,51,34
noro,port-moresby,5,3
noro,honiara,2,2
noro,auki,3,2
noro,taro,4,3
noro,nukunonu,13,8
noro,mangawhai,7,6
noro,pago-pago,12,7
noro,neiafu,14,12
noro,suva,9,7
noro,apia,11,8
noro,rarotonga,15,12
noro,aitutaki,16,13
noro,alofi,19,16
noro,tahiti,17,12
noro,ireland-west,85,77
noro,iceland,87,78
noro,nuuk,89,80
noro,qaqortoq,92,82
noro,milton-nl,95,87
noro,maniitsoq,90,81
noro,sisimiut,91,82
noro,aasiaat,93,83
noro,faroe-islands,88,81
taro,las-toninas,99,88
taro,punta-del-este,98,87
taro,praia-grande,96,86
taro,fortaleza,94,82
taro,myrtle-beach,100,98
taro,virginia-beach,97,93
taro,bellport,82,37
taro,bilbao,86,85
taro,bude,67,16
taro,sines,84,68
taro,carcavelos,69,18
taro,marseille,62,14
taro,accra,77,50
taro,lagos,78,50
taro,yzerfontein,72,36
taro,maputo,68,26
taro,mombasa,56,21
taro,djibouti,47,14
taro,jeddah,49,13
taro,mumbai,33,9
taro,singapore,18,8
taro,perth,10,7
taro,sydney,6,3
taro,auckland,8,6
taro,los-angeles,36,7
taro,chiba,37,15
taro,dakar,75,44
taro,gran-canaria,73,29
taro,abidjan,80,58
taro,lome,76,49
taro,libreville,83,68
taro,pointe-noire,81,62
taro,luanda,79,57
taro,swakopmund,74,51
taro,gqeberha,71,34
taro,amanzimtoti,70,30
taro,dar-es-salaam,58,22
taro,moroni,59,24
taro,mahajanga,64,32
taro,nacala,61,27
taro,carana,66,41
taro,mogadishu,55,20
taro,berbera,50,17
taro,port-sudan,52,15
taro,suez,53,13
taro,port-said,54,16
taro,tympaki,57,17
taro,barcelona,65,18
taro,genoa,63,23
taro,salalah,40,13
taro,barka,43,20
taro,abu-dhabi,45,21
taro,doha,48,22
taro,manama,46,20
taro,al-faw,42,13
taro,karachi,35,11
taro,catania,60,15
taro,matara,29,9
taro,kuakata,30,10
taro,ngwe-saung,27,9
taro,melaka,20,9
taro,medan,21,9
taro,fujairah,39,12
taro,hong-kong,28,9
taro,shantou,32,10
taro,batangas,31,13
taro,sriracha,24,9
taro,quy-nhon,26,9
taro,vung-tau,22,9
taro,brunei,23,9
taro,davao,44,28
taro,guam,34,17
taro,yap,38,25
taro,palau,41,27
taro,makaha,25,11
taro,kauditan,51,34
taro,port-moresby,5,3
taro,honiara,2,2
taro,auki,3,2
taro,noro,4,3
taro,nukunonu,13,8
taro,mangawhai,7,6
taro,pago-pago,12,7
taro,neiafu,14,12
taro,suva,9,7
taro,apia,11,8
taro,rarotonga,15,12
taro,aitutaki,16,13
taro,alofi,19,16
taro,tahiti,17,12
taro,ireland-west,85,77
taro,iceland,87,78
taro,nuuk,89,80
taro,qaqortoq,92,82
taro,milton-nl,95,87
taro,maniitsoq,90,81
taro,sisimiut,91,82
taro,aasiaat,93,83
taro,faroe-islands,88,81
nukunonu,las-toninas,99,88
nukunonu,punta-del-este,98,87
nukunonu,praia-grande,96,86
nukunonu,fortaleza,94,82
nukunonu,myrtle-beach,100,98
nukunonu,virginia-beach,97,93
nukunonu,bellport,82,37
nukunonu,bilbao,86,85
nukunonu,bude,67,25
nukunonu,sines,84,68
nukunonu,carcavelos,69,23
nukunonu,marseille,62,17
nukunonu,accra,77,57
nukunonu,lagos,78,57
nukunonu,yzerfontein,72,38
nukunonu,maputo,68,32
nukunonu,mombasa,56,23
nukunonu,djibouti,47,13
nukunonu,jeddah,49,12
nukunonu,mumbai,34,7
nukunonu,singapore,19,5
nukunonu,perth,15,4
nukunonu,sydney,7,3
nukunonu,auckland,4,3
nukunonu,los-angeles,28,9
nukunonu,chiba,37,19
nukunonu,dakar,75,43
nukunonu,gran-canaria,73,34
nukunonu,abidjan,80,60
nukunonu,lome,76,56
nukunonu,libreville,83,70
nukunonu,pointe-noire,81,64
nukunonu,luanda,79,59
nukunonu,swakopmund,74,53
nukunonu,gqeberha,71,37
nukunonu,amanzimtoti,70,35
nukunonu,dar-es-salaam,58,28
nukunonu,moroni,59,31
nukunonu,mahajanga,64,38
nukunonu,nacala,61,33
nukunonu,carana,66,47
nukunonu,mogadishu,55,20
nukunonu,berbera,50,17
nukunonu,port-sudan,52,14
nukunonu,suez,53,12
nukunonu,port-said,54,15
nukunonu,tympaki,57,17
nukunonu,barcelona,65,22
nukunonu,genoa,63,27
nukunonu,salalah,40,12
nukunonu,barka,43,20
nukunonu,abu-dhabi,45,21
nukunonu,doha,48,22
nukunonu,manama,46,20
nukunonu,al-faw,42,11
nukunonu,karachi,36,9
nukunonu,catania,60,14
nukunonu,matara,30,7
nukunonu,kuakata,31,10
nukunonu,ngwe-saung,27,8
nukunonu,melaka,20,6
nukunonu,medan,21,6
nukunonu,fujairah,39,10
nukunonu,hong-kong,29,13
nukunonu,shantou,33,17
nukunonu,batangas,32,20
nukunonu,sriracha,24,9
nukunonu,quy-nhon,26,9
nukunonu,vung-tau,22,9
nukunonu,brunei,23,13
nukunonu,davao,44,32
nukunonu,guam,35,21
nukunonu,yap,38,29
nukunonu,palau,41,31
nukunonu,makaha,25,13
nukunonu,kauditan,51,35
nukunonu,port-moresby,11,5
nukunonu,honiara,12,6
nukunonu,auki,13,7
nukunonu,noro,14,7
nukunonu,taro,16,7
nukunonu,mangawhai,10,6
nukunonu,pago-pago,17,10
nukunonu,neiafu,18,12
nukunonu,suva,2,2
nukunonu,apia,3,3
nukunonu,rarotonga,5,4
nukunonu,aitutaki,6,5
nukunonu,alofi,9,6
nukunonu,tahiti,8,4
nukunonu,ireland-west,85,77
nukunonu,iceland,87,78
nukunonu,nuuk,89,80
nukunonu,qaqortoq,92,82
nukunonu,milton-nl,95,87
nukunonu,maniitsoq,90,81
nukunonu,sisimiut,91,82
nukunonu,aasiaat,93,83
nukunonu,faroe-islands,88,81
mangawhai,las-toninas,99,88
mangawhai,punta-del-este,98,87
mangawhai,praia-grande,96,86
mangawhai,fortaleza,94,85
mangawhai,myrtle-beach,100,98
mangawhai,virginia-beach,97,93
mangawhai,bellport,82,38
mangawhai,bilbao,86,85
mangawhai,bude,67,20
mangawhai,sines,84,70
mangawhai,carcavelos,69,18
mangawhai,marseille,62,13
mangawhai,accra,77,52
mangawhai,lagos,78,53
mangawhai,yzerfontein,72,36
mangawhai,maputo,68,28
mangawhai,mombasa,56,19
mangawhai,djibouti,48,10
mangawhai,jeddah,50,9
mangawhai,mumbai,34,5
mangawhai,singapore,19,4
mangawhai,perth,11,3
mangawhai,sydney,2,2
mangawhai,auckland,5,3
mangawhai,los-angeles,37,6
mangawhai,chiba,39,17
mangawhai,dakar,75,42
mangawhai,gran-canaria,73,29
mangawhai,abidjan,80,59
mangawhai,lome,76,52
mangawhai,libreville,83,69
mangawhai,pointe-noire,81,63
mangawhai,luanda,79,57
mangawhai,swakopmund,74,51
mangawhai,gqeberha,71,34
mangawhai,amanzimtoti,70,30
mangawhai,dar-es-salaam,58,22
mangawhai,moroni,59,26
mangawhai,mahajanga,64,34
mangawhai,nacala,61,29
mangawhai,carana,66,43
mangawhai,mogadishu,55,17
mangawhai,berbera,51,14
mangawhai,port-sudan,52,11
mangawhai,suez,53,9
mangawhai,port-said,54,12
mangawhai,tympaki,57,14
mangawhai,barcelona,65,17
mangawhai,genoa,63,22
mangawhai,salalah,41,9
mangawhai,barka,45,17
mangawhai,abu-dhabi,46,18
mangawhai,doha,49,19
mangawhai,manama,47,17
mangawhai,al-faw,44,9
mangawhai,karachi,36,7
mangawhai,catania,60,12
mangawhai,matara,29,5
mangawhai,kuakata,30,7
mangawhai,ngwe-saung,27,5
mangawhai,melaka,21,5
mangawhai,medan,22,5
mangawhai,fujairah,40,8
mangawhai,hong-kong,28,10
mangawhai,shantou,32,12
mangawhai,batangas,31,16
mangawhai,sriracha,25,6
mangawhai,quy-nhon,26,6
mangawhai,vung-tau,23,6
mangawhai,brunei,24,10
mangawhai,davao,42,28
mangawhai,guam,33,16
mangawhai,yap,35,21
mangawhai,palau,38,25
mangawhai,makaha,15,2
mangawhai,kauditan,43,31
mangawhai,port-moresby,6,3
mangawhai,honiara,7,3
mangawhai,auki,8,4
mangawhai,noro,9,4
mangawhai,taro,12,4
mangawhai,nukunonu,14,6
mangawhai,pago-pago,3,2
mangawhai,neiafu,4,3
mangawhai,suva,10,5
mangawhai,apia,13,6
mangawhai,rarotonga,16,8
mangawhai,aitutaki,17,9
mangawhai,alofi,20,14
mangawhai,tahiti,18,8
mangawhai,ireland-west,85,77
mangawhai,iceland,87,78
mangawhai,nuuk,89,80
mangawhai,qaqortoq,92,82
mangawhai,milton-nl,95,87
mangawhai,maniitsoq,90,81
mangawhai,sisimiut,91,82
mangawhai,aasiaat,93,83
mangawhai,faroe-islands,88,81
pago-pago,las-toninas,99,88
pago-pago,punta-del-este,98,87
pago-pago,praia-grande,96,86
pago-pago,fortaleza,94,85
pago-pago,myrtle-beach,100,98
pago-pago,virginia-beach,97,93
pago-pago,bellport,82,42
pago-pago,bilbao,86,85
pago-pago,bude,67,21
pago-pago,sines,84,71
pago-pago,carcavelos,69,18
pago-pago,marseille,62,14
pago-pago,accra,77,57
pago-pago,lagos,78,58
pago-pago,yzerfontein,72,41
pago-pago,maputo,68,33
pago-pago,mombasa,56,21
pago-pago,djibouti,48,12
pago-pago,jeddah,50,11
pago-pago,mumbai,38,7
pago-pago,singapore,22,6
pago-pago,perth,12,4
pago-pago,sydney,5,2
pago-pago,auckland,6,5
pago-pago,los-angeles,40,6
pago-pago,chiba,41,21
pago-pago,dakar,75,42
pago-pago,gran-canaria,73,29
pago-pago,abidjan,80,64
pago-pago,lome,76,57
pago-pago,libreville,83,74
pago-pago,pointe-noire,81,68
pago-pago,luanda,79,63
pago-pago,swakopmund,74,58
pago-pago,gqeberha,71,40
pago-pago,amanzimtoti,70,36
pago-pago,dar-es-salaam,58,24
pago-pago,moroni,59,26
pago-pago,mahajanga,64,41
pago-pago,nacala,61,29
pago-pago,carana,66,49
pago-pago,mogadishu,55,19
pago-pago,berbera,51,16
pago-pago,port-sudan,52,13
pago-pago,suez,53,12
pago-pago,port-said,54,15
pago-pago,tympaki,57,17
pago-pago,barcelona,65,18
pago-pago,genoa,63,23
pago-pago,salalah,43,11
pago-pago,barka,45,20
pago-pago,abu-dhabi,46,21
pago-pago,doha,49,22
pago-pago,manama,47,20
pago-pago,al-faw,44,12
pago-pago,karachi,39,9
pago-pago,catania,60,15
pago-pago,matara,35,7
pago-pago,kuakata,36,9
pago-pago,ngwe-saung,32,7
pago-pago,melaka,24,7
pago-pago,medan,25,7
pago-pago,fujairah,42,10
pago-pago,hong-kong,33,12
pago-pago,shantou,34,15
pago-pago,batangas,37,21
pago-pago,sriracha,29,8
pago-pago,quy-nhon,30,8
pago-pago,vung-tau,27,8
pago-pago,brunei,28,12
pago-pago,davao,26,13
pago-pago,guam,17,7
pago-pago,yap,19,12
pago-pago,palau,21,13
pago-pago,makaha,4,2
pago-pago,kauditan,31,16
pago-pago,port-moresby,7,5
pago-pago,honiara,8,5
pago-pago,auki,9,6
pago-pago,noro,10,6
pago-pago,taro,13,6
pago-pago,nukunonu,15,7
pago-pago,mangawhai,3,2
pago-pago,neiafu,2,2
pago-pago,suva,11,5
pago-pago,apia,14,7
pago-pago,rarotonga,16,9
pago-pago,aitutaki,18,10
pago-pago,alofi,23,15
pago-pago,tahiti,20,9
pago-pago,ireland-west,85,77
pago-pago,iceland,87,78
pago-pago,nuuk,89,80
pago-pago,qaqortoq,92,82
pago-pago,milton-nl,95,87
pago-pago,maniitsoq,90,81
pago-pago,sisimiut,91,82
pago-pago,aasiaat,93,83
pago-pago,faroe-islands,88,81
neiafu,las-toninas,99,88
neiafu,punta-del-este,98,87
neiafu,praia-grande,96,86
neiafu,fortaleza,94,85
neiafu,myrtle-beach,100,98
neiafu,virginia-beach,97,93
neiafu,bellport,82,42
neiafu,bilbao,86,85
neiafu,bude,67,21
neiafu,sines,84,71
neiafu,carcavelos,69,18
neiafu,marseille,62,14
neiafu,accra,77,57
neiafu,lagos,78,58
neiafu,yzerfontein,72,41
neiafu,maputo,68,33
neiafu,mombasa,56,21
neiafu,djibouti,48,12
neiafu,jeddah,50,11
neiafu,mumbai,38,7
neiafu,singapore,22,6
neiafu,perth,12,4
neiafu,sydney,5,3
neiafu,auckland,6,5
neiafu,los-angeles,40,6
neiafu,chiba,41,21
neiafu,dakar,75,42
neiafu,gran-canaria,73,29
neiafu,abidjan,80,64
neiafu,lome,76,57
neiafu,libreville,83,74
neiafu,pointe-noire,81,68
neiafu,luanda,79,63
neiafu,swakopmund,74,58
neiafu,gqeberha,71,40
neiafu,amanzimtoti,70,36
neiafu,dar-es-salaam,58,24
neiafu,moroni,59,26
neiafu,mahajanga,64,41
neiafu,nacala,61,29
neiafu,carana,66,49
neiafu,mogadishu,55,19
neiafu,berbera,51,16
neiafu,port-sudan,52,13
neiafu,suez,53,12
neiafu,port-said,54,15
neiafu,tympaki,57,17
neiafu,barcelona,65,18
neiafu,genoa,63,23
neiafu,salalah,43,11
neiafu,barka,45,20
neiafu,abu-dhabi,46,21
neiafu,doha,49,22
neiafu,manama,47,20
neiafu,al-faw,44,12
neiafu,karachi,39,9
neiafu,catania,60,15
neiafu,matara,35,7
neiafu,kuakata,36,9
neiafu,ngwe-saung,32,7
neiafu,melaka,24,7
neiafu,medan,25,7
neiafu,fujairah,42,10
neiafu,hong-kong,33,12
neiafu,shantou,34,15
neiafu,batangas,37,21
neiafu,sriracha,29,8
neiafu,quy-nhon,30,8
neiafu,vung-tau,27,8
neiafu,brunei,28,12
neiafu,davao,26,13
neiafu,guam,16,7
neiafu,yap,19,12
neiafu,palau,21,13
neiafu,makaha,4,2
neiafu,kauditan,31,16
neiafu,port-moresby,7,5
neiafu,honiara,8,5
neiafu,auki,9,6
neiafu,noro,10,6
neiafu,taro,13,6
neiafu,nukunonu,15,7
neiafu,mangawhai,3,3
neiafu,pago-pago,2,2
neiafu,suva,11,5
neiafu,apia,14,7
neiafu,rarotonga,17,9
neiafu,aitutaki,18,10
neiafu,alofi,23,15
neiafu,tahiti,20,9
neiafu,ireland-west,85,77
neiafu,iceland,87,78
neiafu,nuuk,89,80
neiafu,qaqortoq,92,82
neiafu,milton-nl,95,87
neiafu,maniitsoq,90,81
neiafu,sisimiut,91,82
neiafu,aasiaat,93,83
neiafu,faroe-islands,88,81
suva,las-toninas,99,88
suva,punta-del-este,98,87
suva,praia-grande,96,86
suva,fortaleza,94,82
suva,myrtle-beach,100,98
suva,virginia-beach,97,93
suva,bellport,82,37
suva,bilbao,86,85
suva,bude,67,25
suva,sines,84,68
suva,carcavelos,69,23
suva,marseille,62,17
suva,accra,77,57
suva,lagos,78,57
suva,yzerfontein,72,38
suva,maputo,68,32
suva,mombasa,56,23
suva,djibouti,47,13
suva,jeddah,49,11
suva,mumbai,34,6
suva,singapore,19,4
suva,perth,15,3
suva,sydney,7,2
suva,auckland,4,2
suva,los-angeles,28,9
suva,chiba,37,19
suva,dakar,75,43
suva,gran-canaria,73,34
suva,abidjan,80,60
suva,lome,76,56
suva,libreville,83,70
suva,pointe-noire,81,64
suva,luanda,79,59
suva,swakopmund,74,53
suva,gqeberha,71,37
suva,amanzimtoti,70,35
suva,dar-es-salaam,58,28
suva,moroni,59,31
suva,mahajanga,64,38
suva,nacala,61,33
suva,carana,66,47
suva,mogadishu,55,20
suva,berbera,50,17
suva,port-sudan,52,14
suva,suez,53,12
suva,port-said,54,15
suva,tympaki,57,17
suva,barcelona,65,22
suva,genoa,63,27
suva,salalah,40,11
suva,barka,43,20
suva,abu-dhabi,45,21
suva,doha,48,22
suva,manama,46,20
suva,al-faw,42,11
suva,karachi,36,9
suva,catania,60,14
suva,matara,30,6
suva,kuakata,31,10
suva,ngwe-saung,27,8
suva,melaka,20,5
suva,medan,21,5
suva,fujairah,39,10
suva,hong-kong,29,13
suva,shantou,33,17
suva,batangas,32,20
suva,sriracha,24,9
suva,quy-nhon,26,9
suva,vung-tau,22,9
suva,brunei,23,13
suva,davao,44,32
suva,guam,35,21
suva,yap,38,29
suva,palau,41,31
suva,makaha,25,13
suva,kauditan,51,35
suva,port-moresby,11,5
suva,honiara,12,6
suva,auki,13,7
suva,noro,14,7
suva,taro,16,7
suva,nukunonu,3,2
suva,mangawhai,10,6
suva,pago-pago,17,10
suva,neiafu,18,12
suva,apia,2,2
suva,rarotonga,5,3
suva,aitutaki,6,4
suva,alofi,9,6
suva,tahiti,8,3
suva,ireland-west,85,77
suva,iceland,87,78
suva,nuuk,89,80
suva,qaqortoq,92,82
suva,milton-nl,95,87
suva,maniitsoq,90,81
suva,sisimiut,91,82
suva,aasiaat,93,83
suva,faroe-islands,88,81
apia,las-toninas,99,88
apia,punta-del-este,98,87
apia,praia-grande,96,86
apia,fortaleza,94,82
apia,myrtle-beach,100,98
apia,virginia-beach,97,93
apia,bellport,82,37
apia,bilbao,86,85
apia,bude,67,25
apia,sines,84,68
apia,carcavelos,69,23
apia,marseille,62,18
apia,accra,77,57
apia,lagos,78,57
apia,yzerfontein,72,38
apia,maputo,68,32
apia,mombasa,56,26
apia,djibouti,47,13
apia,jeddah,49,11
apia,mumbai,34,6
apia,singapore,19,5
apia,perth,15,4
apia,sydney,9,3
apia,auckland,8,3
apia,los-angeles,28,9
apia,chiba,37,19
apia,dakar,75,43
apia,gran-canaria,73,34
apia,abidjan,80,60
apia,lome,76,56
apia,libreville,83,70
apia,pointe-noire,81,64
apia,luanda,79,59
apia,swakopmund,74,53
apia,gqeberha,71,37
apia,amanzimtoti,70,35
apia,dar-es-salaam,58,29
apia,moroni,59,31
apia,mahajanga,64,38
apia,nacala,61,33
apia,carana,66,47
apia,mogadishu,55,23
apia,berbera,50,20
apia,port-sudan,52,14
apia,suez,53,12
apia,port-said,54,15
apia,tympaki,57,21
apia,barcelona,65,22
apia,genoa,63,27
apia,salalah,40,11
apia,barka,43,23
apia,abu-dhabi,45,24
apia,doha,48,25
apia,manama,46,23
apia,al-faw,42,11
apia,karachi,36,9
apia,catania,60,18
apia,matara,30,7
apia,kuakata,31,10
apia,ngwe-saung,27,8
apia,melaka,20,6
apia,medan,21,6
apia,fujairah,39,10
apia,hong-kong,29,17
apia,shantou,33,18
apia,batangas,32,21
apia,sriracha,24,9
apia,quy-nhon,26,12
apia,vung-tau,22,12
apia,brunei,23,16
apia,davao,44,32
apia,guam,35,21
apia,yap,38,29
apia,palau,41,31
apia,makaha,25,13
apia,kauditan,51,35
apia,port-moresby,11,5
apia,honiara,12,9
apia,auki,13,10
apia,noro,14,10
apia,taro,16,10
apia,nukunonu,6,3
apia,mangawhai,10,9
apia,pago-pago,17,10
apia,neiafu,18,12
apia,suva,2,2
apia,rarotonga,3,2
apia,aitutaki,4,3
apia,alofi,7,5
apia,tahiti,5,2
apia,ireland-west,85,77
apia,iceland,87,78
apia,nuuk,89,80
apia,qaqortoq,92,82
apia,milton-nl,95,87
apia,maniitsoq,90,81
apia,sisimiut,91,82
apia,aasiaat,93,83
apia,faroe-islands,88,81
rarotonga,las-toninas,99,88
rarotonga,punta-del-este,98,87
rarotonga,praia-grande,96,86
rarotonga,fortaleza,94,82
rarotonga,myrtle-beach,100,98
rarotonga,virginia-beach,97,93
rarotonga,bellport,82,37
rarotonga,bilbao,86,85
rarotonga,bude,67,25
rarotonga,sines,84,68
rarotonga,carcavelos,69,23
rarotonga,marseille,62,18
rarotonga,accra,77,57
rarotonga,lagos,78,57
rarotonga,yzerfontein,72,38
rarotonga,maputo,68,32
rarotonga,mombasa,56,26
rarotonga,djibouti,47,17
rarotonga,jeddah,49,15
rarotonga,mumbai,34,10
rarotonga,singapore,19,9
rarotonga,perth,15,7
rarotonga,sydney,9,6
rarotonga,auckland,8,6
rarotonga,los-angeles,28,9
rarotonga,chiba,37,19
rarotonga,dakar,75,43
rarotonga,gran-canaria,73,34
rarotonga,abidjan,80,60
rarotonga,lome,76,56
rarotonga,libreville,83,70
rarotonga,pointe-noire,81,64
rarotonga,luanda,79,59
rarotonga,swakopmund,74,53
rarotonga,gqeberha,71,37
rarotonga,amanzimtoti,70,35
rarotonga,dar-es-salaam,58,29
rarotonga,moroni,59,31
rarotonga,mahajanga,64,38
rarotonga,nacala,61,33
rarotonga,carana,66,47
rarotonga,mogadishu,55,24
rarotonga,berbera,50,21
rarotonga,port-sudan,52,18
rarotonga,suez,53,16
rarotonga,port-said,54,19
rarotonga,tympaki,57,21
rarotonga,barcelona,65,22
rarotonga,genoa,63,27
rarotonga,salalah,40,15
rarotonga,barka,43,24
rarotonga,abu-dhabi,45,25
rarotonga,doha,48,26
rarotonga,manama,46,24
rarotonga,al-faw,42,15
rarotonga,karachi,36,13
rarotonga,catania,60,18
rarotonga,matara,30,11
rarotonga,kuakata,31,14
rarotonga,ngwe-saung,27,12
rarotonga,melaka,20,10
rarotonga,medan,21,10
rarotonga,fujairah,39,14
rarotonga,hong-kong,29,17
rarotonga,shantou,33,18
rarotonga,batangas,32,21
rarotonga,sriracha,24,13
rarotonga,quy-nhon,26,13
rarotonga,vung-tau,22,13
rarotonga,brunei,23,17
rarotonga,davao,44,32
rarotonga,guam,35,21
rarotonga,yap,38,29
rarotonga,palau,41,31
rarotonga,makaha,25,13
rarotonga,kauditan,51,35
rarotonga,port-moresby,11,9
rarotonga,honiara,12,10
rarotonga,auki,13,11
rarotonga,noro,14,11
rarotonga,taro,16,11
rarotonga,nukunonu,7,7
rarotonga,mangawhai,10,10
rarotonga,pago-pago,17,10
rarotonga,neiafu,18,12
rarotonga,suva,6,5
rarotonga,apia,5,2
rarotonga,aitutaki,2,2
rarotonga,alofi,4,3
rarotonga,tahiti,3,2
rarotonga,ireland-west,85,77
rarotonga,iceland,87,78
rarotonga,nuuk,89,80
rarotonga,qaqortoq,92,82
rarotonga,milton-nl,95,87
rarotonga,maniitsoq,90,81
rarotonga,sisimiut,91,82
rarotonga,aasiaat,93,83
rarotonga,faroe-islands,88,81
aitutaki,las-toninas,99,88
aitutaki,punta-del-este,98,87
aitutaki,praia-grande,96,86
aitutaki,fortaleza,94,82
aitutaki,myrtle-beach,100,98
aitutaki,virginia-beach,97,93
aitutaki,bellport,82,37
aitutaki,bilbao,86,85
aitutaki,bude,67,25
aitutaki,sines,84,68
aitutaki,carcavelos,69,23
aitutaki,marseille,62,18
aitutaki,accra,77,57
aitutaki,lagos,78,57
aitutaki,yzerfontein,72,38
aitutaki,maputo,68,32
aitutaki,mombasa,56,26
aitutaki,djibouti,47,17
aitutaki,jeddah,49,15
aitutaki,mumbai,34,10
aitutaki,singapore,19,9
aitutaki,perth,15,7
aitutaki,sydney,9,6
aitutaki,auckland,8,6
aitutaki,los-angeles,28,9
aitutaki,chiba,37,19
aitutaki,dakar,75,43
aitutaki,gran-canaria,73,34
aitutaki,abidjan,80,60
aitutaki,lome,76,56
aitutaki,libreville,83,70
aitutaki,pointe-noire,81,64
aitutaki,luanda,79,59
aitutaki,swakopmund,74,53
aitutaki,gqeberha,71,37
aitutaki,amanzimtoti,70,35
aitutaki,dar-es-salaam,58,29
aitutaki,moroni,59,31
aitutaki,mahajanga,64,38
aitutaki,nacala,61,33
aitutaki,carana,66,47
aitutaki,mogadishu,55,24
aitutaki,berbera,50,21
aitutaki,port-sudan,52,18
aitutaki,suez,53,16
aitutaki,port-said,54,19
aitutaki,tympaki,57,21
aitutaki,barcelona,65,22
aitutaki,genoa,63,27
aitutaki,salalah,40,15
aitutaki,barka,43,24
aitutaki,abu-dhabi,45,25
aitutaki,doha,48,26
aitutaki,manama,46,24
aitutaki,al-faw,42,15
aitutaki,karachi,36,13
aitutaki,catania,60,18
aitutaki,matara,30,11
aitutaki,kuakata,31,14
aitutaki,ngwe-saung,27,12
aitutaki,melaka,20,10
aitutaki,medan,21,10
aitutaki,fujairah,39,14
aitutaki,hong-kong,29,17
aitutaki,shantou,33,18
aitutaki,batangas,32,21
aitutaki,sriracha,24,13
aitutaki,quy-nhon,26,13
aitutaki,vung-tau,22,13
aitutaki,brunei,23,17
aitutaki,davao,44,32
aitutaki,guam,35,21
aitutaki,yap,38,29
aitutaki,palau,41,31
aitutaki,makaha,25,13
aitutaki,kauditan,51,35
aitutaki,port-moresby,11,9
aitutaki,honiara,12,10
aitutaki,auki,13,11
aitutaki,noro,14,11
aitutaki,taro,16,11
aitutaki,nukunonu,7,7
aitutaki,mangawhai,10,10
aitutaki,pago-pago,17,10
aitutaki,neiafu,18,12
aitutaki,suva,6,5
aitutaki,apia,5,4
aitutaki,rarotonga,2,2
aitutaki,alofi,3,2
aitutaki,tahiti,4,3
aitutaki,ireland-west,85,77
aitutaki,iceland,87,78
aitutaki,nuuk,89,80
aitutaki,qaqortoq,92,82
aitutaki,milton-nl,95,87
aitutaki,maniitsoq,90,81
aitutaki,sisimiut,91,82
aitutaki,aasiaat,93,83
aitutaki,faroe-islands,88,81
alofi,las-toninas,99,88
alofi,punta-del-este,98,87
alofi,praia-grande,96,86
alofi,fortaleza,94,82
alofi,myrtle-beach,100,98
alofi,virginia-beach,97,93
alofi,bellport,82,37
alofi,bilbao,86,85
alofi,bude,67,25
alofi,sines,84,68
alofi,carcavelos,69,23
alofi,marseille,62,18
alofi,accra,77,57
alofi,lagos,78,57
alofi,yzerfontein,72,38
alofi,maputo,68,32
alofi,mombasa,56,26
alofi,djibouti,47,17
alofi,jeddah,49,15
alofi,mumbai,34,10
alofi,singapore,19,9
alofi,perth,15,7
alofi,sydney,9,6
alofi,auckland,8,6
alofi,los-angeles,28,9
alofi,chiba,37,19
alofi,dakar,75,43
alofi,gran-canaria,73,34
alofi,abidjan,80,60
alofi,lome,76,56
alofi,libreville,83,70
alofi,pointe-noire,81,64
alofi,luanda,79,59
alofi,swakopmund,74,53
alofi,gqeberha,71,37
alofi,amanzimtoti,70,35
alofi,dar-es-salaam,58,29
alofi,moroni,59,31
alofi,mahajanga,64,38
alofi,nacala,61,33
alofi,carana,66,47
alofi,mogadishu,55,24
alofi,berbera,50,21
alofi,port-sudan,52,18
alofi,suez,53,16
alofi,port-said,54,19
alofi,tympaki,57,21
alofi,barcelona,65,22
alofi,genoa,63,27
alofi,salalah,40,15
alofi,barka,43,24
alofi,abu-dhabi,45,25
alofi,doha,48,26
alofi,manama,46,24
alofi,al-faw,42,15
alofi,karachi,36,13
alofi,catania,60,18
alofi,matara,30,11
alofi,kuakata,31,14
alofi,ngwe-saung,27,12
alofi,melaka,20,10
alofi,medan,21,10
alofi,fujairah,39,14
alofi,hong-kong,29,17
alofi,shantou,33,18
alofi,batangas,32,21
alofi,sriracha,24,13
alofi,quy-nhon,26,13
alofi,vung-tau,22,13
alofi,brunei,23,17
alofi,davao,44,32
alofi,guam,35,21
alofi,yap,38,29
alofi,palau,41,31
alofi,makaha,25,13
alofi,kauditan,51,35
alofi,port-moresby,11,9
alofi,honiara,12,10
alofi,auki,13,11
alofi,noro,14,11
alofi,taro,16,11
alofi,nukunonu,7,7
alofi,mangawhai,10,10
alofi,pago-pago,17,10
alofi,neiafu,18,12
alofi,suva,6,5
alofi,apia,5,4
alofi,rarotonga,3,3
alofi,aitutaki,2,2
alofi,tahiti,4,2
alofi,ireland-west,85,77
alofi,iceland,87,78
alofi,nuuk,89,80
alofi,qaqortoq,92,82
alofi,milton-nl,95,87
alofi,maniitsoq,90,81
alofi,sisimiut,91,82
alofi,aasiaat,93,83
alofi,faroe-islands,88,81
tahiti,las-toninas,99,88
tahiti,punta-del-este,98,87
tahiti,praia-grande,96,86
tahiti,fortaleza,94,82
tahiti,myrtle-beach,100,98
tahiti,virginia-beach,97,93
tahiti,bellport,82,37
tahiti,bilbao,86,85
tahiti,bude,67,25
tahiti,sines,84,68
tahiti,carcavelos,69,23
tahiti,marseille,62,18
tahiti,accra,77,57
tahiti,lagos,78,57
tahiti,yzerfontein,72,38
tahiti,maputo,68,32
tahiti,mombasa,56,26
tahiti,djibouti,47,17
tahiti,jeddah,49,15
tahiti,mumbai,34,10
tahiti,singapore,19,9
tahiti,perth,15,8
tahiti,sydney,9,7
tahiti,auckland,8,7
tahiti,los-angeles,28,9
tahiti,chiba,37,19
tahiti,dakar,75,43
tahiti,gran-canaria,73,34
tahiti,abidjan,80,60
tahiti,lome,76,56
tahiti,libreville,83,70
tahiti,pointe-noire,81,64
tahiti,luanda,79,59
tahiti,swakopmund,74,53
tahiti,gqeberha,71,37
tahiti,amanzimtoti,70,35
tahiti,dar-es-salaam,58,29
tahiti,moroni,59,31
tahiti,mahajanga,64,38
tahiti,nacala,61,33
tahiti,carana,66,47
tahiti,mogadishu,55,24
tahiti,berbera,50,21
tahiti,port-sudan,52,18
tahiti,suez,53,16
tahiti,port-said,54,19
tahiti,tympaki,57,21
tahiti,barcelona,65,22
tahiti,genoa,63,27
tahiti,salalah,40,15
tahiti,barka,43,24
tahiti,abu-dhabi,45,25
tahiti,doha,48,26
tahiti,manama,46,24
tahiti,al-faw,42,15
tahiti,karachi,36,13
tahiti,catania,60,18
tahiti,matara,30,11
tahiti,kuakata,31,14
tahiti,ngwe-saung,27,12
tahiti,melaka,20,10
tahiti,medan,21,10
tahiti,fujairah,39,14
tahiti,hong-kong,29,17
tahiti,shantou,33,18
tahiti,batangas,32,21
tahiti,sriracha,24,13
tahiti,quy-nhon,26,13
tahiti,vung-tau,22,13
tahiti,brunei,23,17
tahiti,davao,44,32
tahiti,guam,35,21
tahiti,yap,38,29
tahiti,palau,41,31
tahiti,makaha,25,13
tahiti,kauditan,51,35
tahiti,port-moresby,11,9
tahiti,honiara,12,10
tahiti,auki,13,11
tahiti,noro,14,11
tahiti,taro,16,11
tahiti,nukunonu,7,7
tahiti,mangawhai,10,10
tahiti,pago-pago,17,10
tahiti,neiafu,18,12
tahiti,suva,6,5
tahiti,apia,5,2
tahiti,rarotonga,2,2
tahiti,aitutaki,3,3
tahiti,alofi,4,2
tahiti,ireland-west,85,77
tahiti,iceland,87,78
tahiti,nuuk,89,80
tahiti,qaqortoq,92,82
tahiti,milton-nl,95,87
tahiti,maniitsoq,90,81
tahiti,sisimiut,91,82
tahiti,aasiaat,93,83
tahiti,faroe-islands,88,81
ireland-west,las-toninas,75,35
ireland-west,punta-del-este,74,34
ireland-west,praia-grande,71,32
ireland-west,fortaleza,62,27
ireland-west,myrtle-beach,90,51
ireland-west,virginia-beach,29,13
ireland-west,bellport,10,2
ireland-west,bilbao,12,11
ireland-west,bude,11,11
ireland-west,sines,44,24
ireland-west,carcavelos,14,13
ireland-west,marseille,15,14
ireland-west,accra,24,15
ireland-west,lagos,25,15
ireland-west,yzerfontein,51,16
ireland-west,maputo,56,33
ireland-west,mombasa,40,24
ireland-west,djibouti,30,17
ireland-west,jeddah,26,16
ireland-west,mumbai,36,12
ireland-west,singapore,58,13
ireland-west,perth,72,15
ireland-west,sydney,80,21
ireland-west,auckland,83,23
ireland-west,los-angeles,99,55
ireland-west,chiba,76,32
ireland-west,dakar,20,14
ireland-west,gran-canaria,18,14
ireland-west,abidjan,27,17
ireland-west,lome,23,15
ireland-west,libreville,34,23
ireland-west,pointe-noire,32,16
ireland-west,luanda,35,16
ireland-west,swakopmund,41,16
ireland-west,gqeberha,54,24
ireland-west,amanzimtoti,57,31
ireland-west,dar-es-salaam,42,25
ireland-west,moroni,46,22
ireland-west,mahajanga,52,30
ireland-west,nacala,48,26
ireland-west,carana,55,32
ireland-west,mogadishu,37,19
ireland-west,berbera,33,18
ireland-west,port-sudan,28,21
ireland-west,suez,22,16
ireland-west,port-said,21,18
ireland-west,tympaki,19,17
ireland-west,barcelona,13,13
ireland-west,genoa,16,15
ireland-west,salalah,39,25
ireland-west,barka,43,27
ireland-west,abu-dhabi,45,29
ireland-west,doha,47,31
ireland-west,manama,49,32
ireland-west,al-faw,50,29
ireland-west,karachi,38,19
ireland-west,catania,17,15
ireland-west,matara,53,24
ireland-west,kuakata,61,31
ireland-west,ngwe-saung,67,32
ireland-west,melaka,59,15
ireland-west,medan,60,19
ireland-west,fujairah,31,17
ireland-west,hong-kong,68,27
ireland-west,shantou,70,28
ireland-west,batangas,69,30
ireland-west,sriracha,65,28
ireland-west,quy-nhon,66,26
ireland-west,vung-tau,63,24
ireland-west,brunei,64,18
ireland-west,davao,79,51
ireland-west,guam,73,26
ireland-west,yap,77,37
ireland-west,palau,78,44
ireland-west,makaha,91,37
ireland-west,kauditan,81,59
ireland-west,port-moresby,84,63
ireland-west,honiara,85,52
ireland-west,auki,86,53
ireland-west,noro,87,58
ireland-west,taro,89,61
ireland-west,nukunonu,94,48
ireland-west,mangawhai,82,25
ireland-west,pago-pago,93,43
ireland-west,neiafu,95,55
ireland-west,suva,88,41
ireland-west,apia,92,44
ireland-west,rarotonga,96,59
ireland-west,aitutaki,97,63
ireland-west,alofi,100,87
ireland-west,tahiti,98,64
ireland-west,iceland,2,2
ireland-west,nuuk,4,3
ireland-west,qaqortoq,7,4
ireland-west,milton-nl,9,3
ireland-west,maniitsoq,5,4
ireland-west,sisimiut,6,5
ireland-west,aasiaat,8,6
ireland-west,faroe-islands,3,3
iceland,las-toninas,75,35
iceland,punta-del-este,74,34
iceland,praia-grande,71,32
iceland,fortaleza,62,27
iceland,myrtle-beach,90,51
iceland,virginia-beach,29,13
iceland,bellport,10,10
iceland,bilbao,12,11
iceland,bude,11,11
iceland,sines,44,24
iceland,carcavelos,14,13
iceland,marseille,15,14
iceland,accra,24,15
iceland,lagos,25,15
iceland,yzerfontein,51,16
iceland,maputo,56,33
iceland,mombasa,40,24
iceland,djibouti,30,17
iceland,jeddah,26,16
iceland,mumbai,36,12
iceland,singapore,58,13
iceland,perth,72,15
iceland,sydney,80,21
iceland,auckland,83,23
iceland,los-angeles,99,55
iceland,chiba,76,32
iceland,dakar,20,14
iceland,gran-canaria,18,14
iceland,abidjan,27,17
iceland,lome,23,15
iceland,libreville,34,23
iceland,pointe-noire,32,16
iceland,luanda,35,16
iceland,swakopmund,41,16
iceland,gqeberha,54,24
iceland,amanzimtoti,57,31
iceland,dar-es-salaam,42,25
iceland,moroni,46,22
iceland,mahajanga,52,30
iceland,nacala,48,26
iceland,carana,55,32
iceland,mogadishu,37,19
iceland,berbera,33,18
iceland,port-sudan,28,21
iceland,suez,22,16
iceland,port-said,21,18
iceland,tympaki,19,17
iceland,barcelona,13,13
iceland,genoa,16,15
iceland,salalah,39,25
iceland,barka,43,27
iceland,abu-dhabi,45,29
iceland,doha,47,31
iceland,manama,49,32
iceland,al-faw,50,29
iceland,karachi,38,19
iceland,catania,17,15
iceland,matara,53,24
iceland,kuakata,61,31
iceland,ngwe-saung,67,32
iceland,melaka,59,15
iceland,medan,60,19
iceland,fujairah,31,17
iceland,hong-kong,68,27
iceland,shantou,70,28
iceland,batangas,69,30
iceland,sriracha,65,28
iceland,quy-nhon,66,26
iceland,vung-tau,63,24
iceland,brunei,64,18
iceland,davao,79,51
iceland,guam,73,26
iceland,yap,77,37
iceland,palau,78,44
iceland,makaha,91,37
iceland,kauditan,81,59
iceland,port-moresby,84,63
iceland,honiara,85,52
iceland,auki,86,53
iceland,noro,87,58
iceland,taro,89,61
iceland,nukunonu,94,48
iceland,mangawhai,82,25
iceland,pago-pago,93,43
iceland,neiafu,95,55
iceland,suva,88,41
iceland,apia,92,44
iceland,rarotonga,96,59
iceland,aitutaki,97,63
iceland,alofi,100,87
iceland,tahiti,98,64
iceland,ireland-west,3,2
iceland,nuuk,4,2
iceland,qaqortoq,7,3
iceland,milton-nl,9,2
iceland,maniitsoq,5,3
iceland,sisimiut,6,4
iceland,aasiaat,8,5
iceland,faroe-islands,2,2
nuuk,las-toninas,75,35
nuuk,punta-del-este,74,34
nuuk,praia-grande,71,32
nuuk,fortaleza,62,27
nuuk,myrtle-beach,90,51
nuuk,virginia-beach,29,13
nuuk,bellport,10,10
nuuk,bilbao,12,11
nuuk,bude,11,11
nuuk,sines,44,24
nuuk,carcavelos,14,13
nuuk,marseille,15,14
nuuk,accra,24,15
nuuk,lagos,25,15
nuuk,yzerfontein,51,16
nuuk,maputo,56,33
nuuk,mombasa,40,24
nuuk,djibouti,30,17
nuuk,jeddah,26,16
nuuk,mumbai,36,12
nuuk,singapore,58,13
nuuk,perth,72,15
nuuk,sydney,80,21
nuuk,auckland,83,23
nuuk,los-angeles,99,55
nuuk,chiba,76,32
nuuk,dakar,20,14
nuuk,gran-canaria,18,14
nuuk,abidjan,27,17
nuuk,lome,23,15
nuuk,libreville,34,23
nuuk,pointe-noire,32,16
nuuk,luanda,35,16
nuuk,swakopmund,41,16
nuuk,gqeberha,54,24
nuuk,amanzimtoti,57,31
nuuk,dar-es-salaam,42,25
nuuk,moroni,46,22
nuuk,mahajanga,52,30
nuuk,nacala,48,26
nuuk,carana,55,32
nuuk,mogadishu,37,19
nuuk,berbera,33,18
nuuk,port-sudan,28,21
nuuk,suez,22,16
nuuk,port-said,21,18
nuuk,tympaki,19,17
nuuk,barcelona,13,13
nuuk,genoa,16,15
nuuk,salalah,39,25
nuuk,barka,43,27
nuuk,abu-dhabi,45,29
nuuk,doha,47,31
nuuk,manama,49,32
nuuk,al-faw,50,29
nuuk,karachi,38,19
nuuk,catania,17,15
nuuk,matara,53,24
nuuk,kuakata,61,31
nuuk,ngwe-saung,67,32
nuuk,melaka,59,15
nuuk,medan,60,19
nuuk,fujairah,31,17
nuuk,hong-kong,68,27
nuuk,shantou,70,28
nuuk,batangas,69,30
nuuk,sriracha,65,28
nuuk,quy-nhon,66,26
nuuk,vung-tau,63,24
nuuk,brunei,64,18
nuuk,davao,79,51
nuuk,guam,73,26
nuuk,yap,77,37
nuuk,palau,78,44
nuuk,makaha,91,37
nuuk,kauditan,81,59
nuuk,port-moresby,84,63
nuuk,honiara,85,52
nuuk,auki,86,53
nuuk,noro,87,58
nuuk,taro,89,61
nuuk,nukunonu,94,48
nuuk,mangawhai,82,25
nuuk,pago-pago,93,43
nuuk,neiafu,95,55
nuuk,suva,88,41
nuuk,apia,92,44
nuuk,rarotonga,96,59
nuuk,aitutaki,97,63
nuuk,alofi,100,87
nuuk,tahiti,98,64
nuuk,ireland-west,9,5
nuuk,iceland,6,2
nuuk,qaqortoq,4,2
nuuk,milton-nl,7,3
nuuk,maniitsoq,2,2
nuuk,sisimiut,3,3
nuuk,aasiaat,5,4
nuuk,faroe-islands,8,3
qaqortoq,las-toninas,75,35
qaqortoq,punta-del-este,74,34
qaqortoq,praia-grande,71,32
qaqortoq,fortaleza,62,27
qaqortoq,myrtle-beach,90,51
qaqortoq,virginia-beach,29,13
qaqortoq,bellport,10,10
qaqortoq,bilbao,12,11
qaqortoq,bude,11,11
qaqortoq,sines,44,24
qaqortoq,carcavelos,14,13
qaqortoq,marseille,15,14
qaqortoq,accra,24,15
qaqortoq,lagos,25,15
qaqortoq,yzerfontein,51,16
qaqortoq,maputo,56,33
qaqortoq,mombasa,40,24
qaqortoq,djibouti,30,17
qaqortoq,jeddah,26,16
qaqortoq,mumbai,36,12
qaqortoq,singapore,58,13
qaqortoq,perth,72,15
qaqortoq,sydney,80,21
qaqortoq,auckland,83,23
qaqortoq,los-angeles,99,55
qaqortoq,chiba,76,32
qaqortoq,dakar,20,14
qaqortoq,gran-canaria,18,14
qaqortoq,abidjan,27,17
qaqortoq,lome,23,15
qaqortoq,libreville,34,23
qaqortoq,pointe-noire,32,16
qaqortoq,luanda,35,16
qaqortoq,swakopmund,41,16
qaqortoq,gqeberha,54,24
qaqortoq,amanzimtoti,57,31
qaqortoq,dar-es-salaam,42,25
qaqortoq,moroni,46,22
qaqortoq,mahajanga,52,30
qaqortoq,nacala,48,26
qaqortoq,carana,55,32
qaqortoq,mogadishu,37,19
qaqortoq,berbera,33,18
qaqortoq,port-sudan,28,21
qaqortoq,suez,22,16
qaqortoq,port-said,21,18
qaqortoq,tympaki,19,17
qaqortoq,barcelona,13,13
qaqortoq,genoa,16,15
qaqortoq,salalah,39,25
qaqortoq,barka,43,27
qaqortoq,abu-dhabi,45,29
qaqortoq,doha,47,31
qaqortoq,manama,49,32
qaqortoq,al-faw,50,29
qaqortoq,karachi,38,19
qaqortoq,catania,17,15
qaqortoq,matara,53,24
qaqortoq,kuakata,61,31
qaqortoq,ngwe-saung,67,32
qaqortoq,melaka,59,15
qaqortoq,medan,60,19
qaqortoq,fujairah,31,17
qaqortoq,hong-kong,68,27
qaqortoq,shantou,70,28
qaqortoq,batangas,69,30
qaqortoq,sriracha,65,28
qaqortoq,quy-nhon,66,26
qaqortoq,vung-tau,63,24
qaqortoq,brunei,64,18
qaqortoq,davao,79,51
qaqortoq,guam,73,26
qaqortoq,yap,77,37
qaqortoq,palau,78,44
qaqortoq,makaha,91,37
qaqortoq,kauditan,81,59
qaqortoq,port-moresby,84,63
qaqortoq,honiara,85,52
qaqortoq,auki,86,53
qaqortoq,noro,87,58
qaqortoq,taro,89,61
qaqortoq,nukunonu,94,48
qaqortoq,mangawhai,82,25
qaqortoq,pago-pago,93,43
qaqortoq,neiafu,95,55
qaqortoq,suva,88,41
qaqortoq,apia,92,44
qaqortoq,rarotonga,96,59
qaqortoq,aitutaki,97,63
qaqortoq,alofi,100,87
qaqortoq,tahiti,98,64
qaqortoq,ireland-west,9,5
qaqortoq,iceland,7,3
qaqortoq,nuuk,2,2
qaqortoq,milton-nl,6,2
qaqortoq,maniitsoq,3,3
qaqortoq,sisimiut,4,4
qaqortoq,aasiaat,5,5
qaqortoq,faroe-islands,8,4
milton-nl,las-toninas,75,35
milton-nl,punta-del-este,74,34
milton-nl,praia-grande,71,32
milton-nl,fortaleza,62,27
milton-nl,myrtle-beach,90,51
milton-nl,virginia-beach,29,13
milton-nl,bellport,10,10
milton-nl,bilbao,12,11
milton-nl,bude,11,11
milton-nl,sines,44,24
milton-nl,carcavelos,14,13
milton-nl,marseille,15,14
milton-nl,accra,24,15
milton-nl,lagos,25,15
milton-nl,yzerfontein,51,16
milton-nl,maputo,56,33
milton-nl,mombasa,40,24
milton-nl,djibouti,30,17
milton-nl,jeddah,26,16
milton-nl,mumbai,36,12
milton-nl,singapore,58,13
milton-nl,perth,72,15
milton-nl,sydney,80,21
milton-nl,auckland,83,23
milton-nl,los-angeles,99,55
milton-nl,chiba,76,32
milton-nl,dakar,20,14
milton-nl,gran-canaria,18,14
milton-nl,abidjan,27,17
milton-nl,lome,23,15
milton-nl,libreville,34,23
milton-nl,pointe-noire,32,16
milton-nl,luanda,35,16
milton-nl,swakopmund,41,16
milton-nl,gqeberha,54,24
milton-nl,amanzimtoti,57,31
milton-nl,dar-es-salaam,42,25
milton-nl,moroni,46,22
milton-nl,mahajanga,52,30
milton-nl,nacala,48,26
milton-nl,carana,55,32
milton-nl,mogadishu,37,19
milton-nl,berbera,33,18
milton-nl,port-sudan,28,21
milton-nl,suez,22,16
milton-nl,port-said,21,18
milton-nl,tympaki,19,17
milton-nl,barcelona,13,13
milton-nl,genoa,16,15
milton-nl,salalah,39,25
milton-nl,barka,43,27
milton-nl,abu-dhabi,45,29
milton-nl,doha,47,31
milton-nl,manama,49,32
milton-nl,al-faw,50,29
milton-nl,karachi,38,19
milton-nl,catania,17,15
milton-nl,matara,53,24
milton-nl,kuakata,61,31
milton-nl,ngwe-saung,67,32
milton-nl,melaka,59,15
milton-nl,medan,60,19
milton-nl,fujairah,31,17
milton-nl,hong-kong,68,27
milton-nl,shantou,70,28
milton-nl,batangas,69,30
milton-nl,sriracha,65,28
milton-nl,quy-nhon,66,26
milton-nl,vung-tau,63,24
milton-nl,brunei,64,18
milton-nl,davao,79,51
milton-nl,guam,73,26
milton-nl,yap,77,37
milton-nl,palau,78,44
milton-nl,makaha,91,37
milton-nl,kauditan,81,59
milton-nl,port-moresby,84,63
milton-nl,honiara,85,52
milton-nl,auki,86,53
milton-nl,noro,87,58
milton-nl,taro,89,61
milton-nl,nukunonu,94,48
milton-nl,mangawhai,82,25
milton-nl,pago-pago,93,43
milton-nl,neiafu,95,55
milton-nl,suva,88,41
milton-nl,apia,92,44
milton-nl,rarotonga,96,59
milton-nl,aitutaki,97,63
milton-nl,alofi,100,87
milton-nl,tahiti,98,64
milton-nl,ireland-west,9,4
milton-nl,iceland,7,2
milton-nl,nuuk,3,3
milton-nl,qaqortoq,2,2
milton-nl,maniitsoq,4,4
milton-nl,sisimiut,5,5
milton-nl,aasiaat,6,6
milton-nl,faroe-islands,8,3
maniitsoq,las-toninas,75,35
maniitsoq,punta-del-este,74,34
maniitsoq,praia-grande,71,32
maniitsoq,fortaleza,62,27
maniitsoq,myrtle-beach,90,51
maniitsoq,virginia-beach,29,13
maniitsoq,bellport,10,10
maniitsoq,bilbao,12,11
maniitsoq,bude,11,11
maniitsoq,sines,44,24
maniitsoq,carcavelos,14,13
maniitsoq,marseille,15,14
maniitsoq,accra,24,15
maniitsoq,lagos,25,15
maniitsoq,yzerfontein,51,16
maniitsoq,maputo,56,33
maniitsoq,mombasa,40,24
maniitsoq,djibouti,30,17
maniitsoq,jeddah,26,16
maniitsoq,mumbai,36,12
maniitsoq,singapore,58,13
maniitsoq,perth,72,15
maniitsoq,sydney,80,21
maniitsoq,auckland,83,23
maniitsoq,los-angeles,99,55
maniitsoq,chiba,76,32
maniitsoq,dakar,20,14
maniitsoq,gran-canaria,18,14
maniitsoq,abidjan,27,17
maniitsoq,lome,23,15
maniitsoq,libreville,34,23
maniitsoq,pointe-noire,32,16
maniitsoq,luanda,35,16
maniitsoq,swakopmund,41,16
maniitsoq,gqeberha,54,24
maniitsoq,amanzimtoti,57,31
maniitsoq,dar-es-salaam,42,25
maniitsoq,moroni,46,22
maniitsoq,mahajanga,52,30
maniitsoq,nacala,48,26
maniitsoq,carana,55,32
maniitsoq,mogadishu,37,19
maniitsoq,berbera,33,18
maniitsoq,port-sudan,28,21
maniitsoq,suez,22,16
maniitsoq,port-said,21,18
maniitsoq,tympaki,19,17
maniitsoq,barcelona,13,13
maniitsoq,genoa,16,15
maniitsoq,salalah,39,25
maniitsoq,barka,43,27
maniitsoq,abu-dhabi,45,29
maniitsoq,doha,47,31
maniitsoq,manama,49,32
maniitsoq,al-faw,50,29
maniitsoq,karachi,38,19
maniitsoq,catania,17,15
maniitsoq,matara,53,24
maniitsoq,kuakata,61,31
maniitsoq,ngwe-saung,67,32
maniitsoq,melaka,59,15
maniitsoq,medan,60,19
maniitsoq,fujairah,31,17
maniitsoq,hong-kong,68,27
maniitsoq,shantou,70,28
maniitsoq,batangas,69,30
maniitsoq,sriracha,65,28
maniitsoq,quy-nhon,66,26
maniitsoq,vung-tau,63,24
maniitsoq,brunei,64,18
maniitsoq,davao,79,51
maniitsoq,guam,73,26
maniitsoq,yap,77,37
maniitsoq,palau,78,44
maniitsoq,makaha,91,37
maniitsoq,kauditan,81,59
maniitsoq,port-moresby,84,63
maniitsoq,honiara,85,52
maniitsoq,auki,86,53
maniitsoq,noro,87,58
maniitsoq,taro,89,61
maniitsoq,nukunonu,94,48
maniitsoq,mangawhai,82,25
maniitsoq,pago-pago,93,43
maniitsoq,neiafu,95,55
maniitsoq,suva,88,41
maniitsoq,apia,92,44
maniitsoq,rarotonga,96,59
maniitsoq,aitutaki,97,63
maniitsoq,alofi,100,87
maniitsoq,tahiti,98,64
maniitsoq,ireland-west,9,6
maniitsoq,iceland,6,3
maniitsoq,nuuk,2,2
maniitsoq,qaqortoq,5,3
maniitsoq,milton-nl,7,4
maniitsoq,sisimiut,3,2
maniitsoq,aasiaat,4,3
maniitsoq,faroe-islands,8,4
sisimiut,las-toninas,75,35
sisimiut,punta-del-este,74,34
sisimiut,praia-grande,71,32
sisimiut,fortaleza,62,27
sisimiut,myrtle-beach,90,51
sisimiut,virginia-beach,29,13
sisimiut,bellport,10,10
sisimiut,bilbao,12,11
sisimiut,bude,11,11
sisimiut,sines,44,24
sisimiut,carcavelos,14,13
sisimiut,marseille,15,14
sisimiut,accra,24,15
sisimiut,lagos,25,15
sisimiut,yzerfontein,51,16
sisimiut,maputo,56,33
sisimiut,mombasa,40,24
sisimiut,djibouti,30,17
sisimiut,jeddah,26,16
sisimiut,mumbai,36,12
sisimiut,singapore,58,13
sisimiut,perth,72,15
sisimiut,sydney,80,21
sisimiut,auckland,83,23
sisimiut,los-angeles,99,55
sisimiut,chiba,76,32
sisimiut,dakar,20,14
sisimiut,gran-canaria,18,14
sisimiut,abidjan,27,17
sisimiut,lome,23,15
sisimiut,libreville,34,23
sisimiut,pointe-noire,32,16
sisimiut,luanda,35,16
sisimiut,swakopmund,41,16
sisimiut,gqeberha,54,24
sisimiut,amanzimtoti,57,31
sisimiut,dar-es-salaam,42,25
sisimiut,moroni,46,22
sisimiut,mahajanga,52,30
sisimiut,nacala,48,26
sisimiut,carana,55,32
sisimiut,mogadishu,37,19
sisimiut,berbera,33,18
sisimiut,port-sudan,28,21
sisimiut,suez,22,16
sisimiut,port-said,21,18
sisimiut,tympaki,19,17
sisimiut,barcelona,13,13
sisimiut,genoa,16,15
sisimiut,salalah,39,25
sisimiut,barka,43,27
sisimiut,abu-dhabi,45,29
sisimiut,doha,47,31
sisimiut,manama,49,32
sisimiut,al-faw,50,29
sisimiut,karachi,38,19
sisimiut,catania,17,15
sisimiut,matara,53,24
sisimiut,kuakata,61,31
sisimiut,ngwe-saung,67,32
sisimiut,melaka,59,15
sisimiut,medan,60,19
sisimiut,fujairah,31,17
sisimiut,hong-kong,68,27
sisimiut,shantou,70,28
sisimiut,batangas,69,30
sisimiut,sriracha,65,28
sisimiut,quy-nhon,66,26
sisimiut,vung-tau,63,24
sisimiut,brunei,64,18
sisimiut,davao,79,51
sisimiut,guam,73,26
sisimiut,yap,77,37
sisimiut,palau,78,44
sisimiut,makaha,91,37
sisimiut,kauditan,81,59
sisimiut,port-moresby,84,63
sisimiut,honiara,85,52
sisimiut,auki,86,53
sisimiut,noro,87,58
sisimiut,taro,89,61
sisimiut,nukunonu,94,48
sisimiut,mangawhai,82,25
sisimiut,pago-pago,93,43
sisimiut,neiafu,95,55
sisimiut,suva,88,41
sisimiut,apia,92,44
sisimiut,rarotonga,96,59
sisimiut,aitutaki,97,63
sisimiut,alofi,100,87
sisimiut,tahiti,98,64
sisimiut,ireland-west,9,7
sisimiut,iceland,6,5
sisimiut,nuuk,4,3
sisimiut,qaqortoq,5,4
sisimiut,milton-nl,7,5
sisimiut,maniitsoq,2,2
sisimiut,aasiaat,3,2
sisimiut,faroe-islands,8,6
aasiaat,las-toninas,75,35
aasiaat,punta-del-este,74,34
aasiaat,praia-grande,71,32
aasiaat,fortaleza,62,27
aasiaat,myrtle-beach,90,51
aasiaat,virginia-beach,29,13
aasiaat,bellport,10,10
aasiaat,bilbao,12,11
aasiaat,bude,11,11
aasiaat,sines,44,24
aasiaat,carcavelos,14,13
aasiaat,marseille,15,14
aasiaat,accra,24,15
aasiaat,lagos,25,15
aasiaat,yzerfontein,51,16
aasiaat,maputo,56,33
aasiaat,mombasa,40,24
aasiaat,djibouti,30,17
aasiaat,jeddah,26,16
aasiaat,mumbai,36,12
aasiaat,singapore,58,13
aasiaat,perth,72,15
aasiaat,sydney,80,21
aasiaat,auckland,83,23
aasiaat,los-angeles,99,55
aasiaat,chiba,76,32
aasiaat,dakar,20,14
aasiaat,gran-canaria,18,14
aasiaat,abidjan,27,17
aasiaat,lome,23,15
aasiaat,libreville,34,23
aasiaat,pointe-noire,32,16
aasiaat,luanda,35,16
aasiaat,swakopmund,41,16
aasiaat,gqeberha,54,24
aasiaat,amanzimtoti,57,31
aasiaat,dar-es-salaam,42,25
aasiaat,moroni,46,22
aasiaat,mahajanga,52,30
aasiaat,nacala,48,26
aasiaat,carana,55,32
aasiaat,mogadishu,37,19
aasiaat,berbera,33,18
aasiaat,port-sudan,28,21
aasiaat,suez,22,16
aasiaat,port-said,21,18
aasiaat,tympaki,19,17
aasiaat,barcelona,13,13
aasiaat,genoa,16,15
aasiaat,salalah,39,25
aasiaat,barka,43,27
aasiaat,abu-dhabi,45,29
aasiaat,doha,47,31
aasiaat,manama,49,32
aasiaat,al-faw,50,29
aasiaat,karachi,38,19
aasiaat,catania,17,15
aasiaat,matara,53,24
aasiaat,kuakata,61,31
aasiaat,ngwe-saung,67,32
aasiaat,melaka,59,15
aasiaat,medan,60,19
aasiaat,fujairah,31,17
aasiaat,hong-kong,68,27
aasiaat,shantou,70,28
aasiaat,batangas,69,30
aasiaat,sriracha,65,28
aasiaat,quy-nhon,66,26
aasiaat,vung-tau,63,24
aasiaat,brunei,64,18
aasiaat,davao,79,51
aasiaat,guam,73,26
aasiaat,yap,77,37
aasiaat,palau,78,44
aasiaat,makaha,91,37
aasiaat,kauditan,81,59
aasiaat,port-moresby,84,63
aasiaat,honiara,85,52
aasiaat,auki,86,53
aasiaat,noro,87,58
aasiaat,taro,89,61
aasiaat,nukunonu,94,48
aasiaat,mangawhai,82,25
aasiaat,pago-pago,93,43
aasiaat,neiafu,95,55
aasiaat,suva,88,41
aasiaat,apia,92,44
aasiaat,rarotonga,96,59
aasiaat,aitutaki,97,63
aasiaat,alofi,100,87
aasiaat,tahiti,98,64
aasiaat,ireland-west,9,7
aasiaat,iceland,6,5
aasiaat,nuuk,4,4
aasiaat,qaqortoq,5,5
aasiaat,milton-nl,7,6
aasiaat,maniitsoq,3,3
aasiaat,sisimiut,2,2
aasiaat,faroe-islands,8,6
faroe-islands,las-toninas,75,35
faroe-islands,punta-del-este,74,34
faroe-islands,praia-grande,71,32
faroe-islands,fortaleza,62,27
faroe-islands,myrtle-beach,90,51
faroe-islands,virginia-beach,29,13
faroe-islands,bellport,10,10
faroe-islands,bilbao,12,11
faroe-islands,bude,11,11
faroe-islands,sines,44,24
faroe-islands,carcavelos,14,13
faroe-islands,marseille,15,14
faroe-islands,accra,24,15
faroe-islands,lagos,25,15
faroe-islands,yzerfontein,51,16
faroe-islands,maputo,56,33
faroe-islands,mombasa,40,24
faroe-islands,djibouti,30,17
faroe-islands,jeddah,26,16
faroe-islands,mumbai,36,12
faroe-islands,singapore,58,13
faroe-islands,perth,72,15
faroe-islands,sydney,80,21
faroe-islands,auckland,83,23
faroe-islands,los-angeles,99,55
faroe-islands,chiba,76,32
faroe-islands,dakar,20,14
faroe-islands,gran-canaria,18,14
faroe-islands,abidjan,27,17
faroe-islands,lome,23,15
faroe-islands,libreville,34,23
faroe-islands,pointe-noire,32,16
faroe-islands,luanda,35,16
faroe-islands,swakopmund,41,16
faroe-islands,gqeberha,54,24
faroe-islands,amanzimtoti,57,31
faroe-islands,dar-es-salaam,42,25
faroe-islands,moroni,46,22
faroe-islands,mahajanga,52,30
faroe-islands,nacala,48,26
faroe-islands,carana,55,32
faroe-islands,mogadishu,37,19
faroe-islands,berbera,33,18
faroe-islands,port-sudan,28,21
faroe-islands,suez,22,16
faroe-islands,port-said,21,18
faroe-islands,tympaki,19,17
faroe-islands,barcelona,13,13
faroe-islands,genoa,16,15
faroe-islands,salalah,39,25
faroe-islands,barka,43,27
faroe-islands,abu-dhabi,45,29
faroe-islands,doha,47,31
faroe-islands,manama,49,32
faroe-islands,al-faw,50,29
faroe-islands,karachi,38,19
faroe-islands,catania,17,15
faroe-islands,matara,53,24
faroe-islands,kuakata,61,31
faroe-islands,ngwe-saung,67,32
faroe-islands,melaka,59,15
faroe-islands,medan,60,19
faroe-islands,fujairah,31,17
faroe-islands,hong-kong,68,27
faroe-islands,shantou,70,28
faroe-islands,batangas,69,30
faroe-islands,sriracha,65,28
faroe-islands,quy-nhon,66,26
faroe-islands,vung-tau,63,24
faroe-islands,brunei,64,18
faroe-islands,davao,79,51
faroe-islands,guam,73,26
faroe-islands,yap,77,37
faroe-islands,palau,78,44
faroe-islands,makaha,91,37
faroe-islands,kauditan,81,59
faroe-islands,port-moresby,84,63
faroe-islands,honiara,85,52
faroe-islands,auki,86,53
faroe-islands,noro,87,58
faroe-islands,taro,89,61
faroe-islands,nukunonu,94,48
faroe-islands,mangawhai,82,25
faroe-islands,pago-pago,93,43
faroe-islands,neiafu,95,55
faroe-islands,suva,88,41
faroe-islands,apia,92,44
faroe-islands,rarotonga,96,59
faroe-islands,aitutaki,97,63
faroe-islands,alofi,100,87
faroe-islands,tahiti,98,64
faroe-islands,ireland-west,3,3
faroe-islands,iceland,2,2
faroe-islands,nuuk,4,3
faroe-islands,qaqortoq,7,4
faroe-islands,milton-nl,9,3
faroe-islands,maniitsoq,5,4
faroe-islands,sisimiut,6,5
faroe-islands,aasiaat,8,6
